Date,Filename,model_type,beam_size,use_context,confidence_based,num_workers,confidence_limit,Max. chunk time,Min. chunk time,Avg. chunk time,Word Error Rate (WER),Word Information Loss (WIL),Total Transcription Time,Total GPU VRAM Usage,Total GPU Clock Speed,Peak GPU VRAM Usage,Peak GPU Clock Speed,Avg. GPU VRAM Usage,Avg. GPU Clock Speed,Total RAM Usage,Peak RAM Usage,Avg. RAM Usage
2024-12-11 08:44:48.408,32-0.8.pkl,distil-small.en,3,True,True,1,0.4,3.6297431,0.2557960,1.2616493,43.9%,54.3%,10.093194007873535,27288.0,11775,3411.0,1590,3411.0,1471.875,18.778133392333984,2.3858108520507812,2.347266674041748
2024-12-11 08:45:00.534,32-0.8.pkl,distil-small.en,3,True,True,1,0.4,3.7702172,0.2526202,1.2289409,130.6%,79.8%,9.831527471542358,27288.0,11655,3411.0,1590,3411.0,1456.875,19.749835968017578,2.488819122314453,2.4687294960021973
2024-12-11 08:45:12.207,32-0.8.pkl,distil-small.en,3,True,True,1,0.4,3.5050166,0.2592866,1.1713129,133.7%,80.7%,9.370503187179565,27288.0,12225,3411.0,1590,3411.0,1528.125,21.201156616210938,2.7145462036132812,2.650144577026367
2024-12-11 08:45:21.625,32-0.8.pkl,distil-small.en,3,True,True,1,0.6,3.3793166,0.2539763,0.8898483,137.8%,81.1%,7.118786334991455,27288.0,11910,3411.0,1590,3411.0,1488.75,20.282886505126953,2.579833984375,2.535360813140869
2024-12-11 08:45:32.095,32-0.8.pkl,distil-small.en,3,True,True,1,0.6,3.5145876,0.2579823,0.9984415,136.7%,80.4%,7.987531900405884,27288.0,11460,3411.0,1590,3411.0,1432.5,21.644001007080078,2.7498321533203125,2.7055001258850098
2024-12-11 08:45:41.830,32-0.8.pkl,distil-small.en,3,True,True,1,0.6,3.8354776,0.2587922,0.9065093,151.0%,81.7%,7.252074480056763,27288.0,11820,3411.0,1590,3411.0,1477.5,22.950069427490234,2.9160423278808594,2.8687586784362793
2024-12-11 08:45:50.449,32-0.8.pkl,distil-small.en,3,True,True,1,0.8,3.3226523,0.2636664,0.7807722,148.0%,80.4%,6.246177434921265,27288.0,11595,3411.0,1590,3411.0,1449.375,24.156768798828125,3.0740013122558594,3.0195960998535156
2024-12-11 08:46:02.686,32-0.8.pkl,distil-small.en,3,True,True,1,0.8,3.7445712,0.2563772,1.2377176,43.9%,54.3%,9.901740789413452,27288.0,12285,3411.0,1590,3411.0,1535.625,23.553524017333984,3.022571563720703,2.944190502166748
2024-12-11 08:46:11.794,32-0.8.pkl,distil-small.en,3,True,True,1,0.8,3.1282017,0.2612195,0.8211069,134.7%,80.8%,6.568855047225952,27288.0,11850,3411.0,1590,3411.0,1481.25,21.805274963378906,2.7749862670898438,2.7256593704223633
2024-12-11 08:46:21.659,32-0.8.pkl,distil-small.en,3,True,True,4,0.4,3.8615451,0.2572634,0.9185441,139.8%,81.3%,7.348352670669556,27524.0,11955,3443.0,1590,3440.5,1494.375,19.619068145751953,2.504650115966797,2.452383518218994
2024-12-11 08:46:30.927,32-0.8.pkl,distil-small.en,3,True,True,4,0.4,3.7504156,0.2599089,0.8552285,142.9%,80.0%,6.841827869415283,27536.0,11580,3443.0,1590,3442.0,1447.5,21.005664825439453,2.669628143310547,2.6257081031799316
2024-12-11 08:46:41.139,32-0.8.pkl,distil-small.en,3,True,True,4,0.4,3.9205384,0.2672811,0.9760910,136.7%,81.0%,7.808727741241455,27536.0,11520,3443.0,1590,3442.0,1440.0,21.309497833251953,2.7242774963378906,2.663687229156494
2024-12-11 08:46:51.040,32-0.8.pkl,distil-small.en,3,True,True,4,0.6,3.7781730,0.2555199,0.9208437,135.7%,80.9%,7.366749286651611,27536.0,11595,3443.0,1590,3442.0,1449.375,21.593502044677734,2.762603759765625,2.699187755584717
2024-12-11 08:47:00.772,32-0.8.pkl,distil-small.en,3,True,True,4,0.6,3.7288609,0.2555797,0.9224871,136.7%,80.4%,7.379896879196167,27536.0,12165,3443.0,1590,3442.0,1520.625,20.95235824584961,2.6488494873046875,2.619044780731201
2024-12-11 08:47:10.351,32-0.8.pkl,distil-small.en,3,True,True,4,0.6,3.4460196,0.2573202,0.8817972,135.7%,80.9%,7.054377555847168,27536.0,12240,3443.0,1590,3442.0,1530.0,22.803844451904297,2.9146080017089844,2.850480556488037
2024-12-11 08:47:20.046,32-0.8.pkl,distil-small.en,3,True,True,4,0.8,3.5998735,0.2682097,0.9237832,139.8%,81.3%,7.390265941619873,27536.0,11790,3443.0,1590,3442.0,1473.75,21.75206756591797,2.7507896423339844,2.719008445739746
2024-12-11 08:47:29.931,32-0.8.pkl,distil-small.en,3,True,True,4,0.8,3.8080668,0.2752020,0.9474012,134.7%,80.8%,7.579209566116333,27536.0,12015,3443.0,1590,3442.0,1501.875,21.072406768798828,2.670726776123047,2.6340508460998535
2024-12-11 08:47:39.747,32-0.8.pkl,distil-small.en,3,True,True,4,0.8,3.9727819,0.2585936,0.9345569,151.0%,80.2%,7.476455211639404,27536.0,12180,3443.0,1590,3442.0,1522.5,22.353282928466797,2.8564834594726562,2.7941603660583496
2024-12-11 08:47:44.312,32-0.8.pkl,distil-small.en,3,True,False,1,N/A,0.3044846,0.2236824,0.2511246,16.3%,20.0%,2.0089967250823975,27352.0,10230,3419.0,1515,3419.0,1278.75,23.831871032714844,2.993480682373047,2.9789838790893555
2024-12-11 08:47:48.328,32-0.8.pkl,distil-small.en,3,True,False,1,N/A,0.2593968,0.2033179,0.2238593,16.3%,20.0%,1.7908740043640137,27352.0,10815,3419.0,1545,3419.0,1351.875,24.00550079345703,3.0254669189453125,3.000687599182129
2024-12-11 08:47:52.200,32-0.8.pkl,distil-small.en,3,True,False,1,N/A,0.2649653,0.1815715,0.2102168,16.3%,20.0%,1.681734323501587,27352.0,11295,3419.0,1500,3419.0,1411.875,23.419048309326172,2.956012725830078,2.9273810386657715
2024-12-11 08:47:56.692,32-0.8.pkl,distil-small.en,3,True,False,4,N/A,0.2932012,0.2405603,0.2602711,16.3%,20.0%,2.0821690559387207,27528.0,10530,3443.0,1455,3441.0,1316.25,23.15235137939453,2.9465866088867188,2.8940439224243164
2024-12-11 08:48:01.145,32-0.8.pkl,distil-small.en,3,True,False,4,N/A,0.3253443,0.2411256,0.2692439,16.3%,20.0%,2.1539511680603027,27528.0,10530,3443.0,1440,3441.0,1316.25,22.546764373779297,2.858074188232422,2.818345546722412
2024-12-11 08:48:05.595,32-0.8.pkl,distil-small.en,3,True,False,4,N/A,0.3312449,0.2298422,0.2653260,16.3%,20.0%,2.122608184814453,27528.0,11070,3443.0,1560,3441.0,1383.75,21.281322479248047,2.6806869506835938,2.660165309906006
2024-12-11 08:48:10.194,32-0.8.pkl,distil-small.en,3,False,True,1,0.4,0.3479156,0.2381990,0.2650882,17.3%,22.9%,2.1207056045532227,27352.0,10785,3419.0,1410,3419.0,1348.125,21.816150665283203,2.7487564086914062,2.7270188331604004
2024-12-11 08:48:14.816,32-0.8.pkl,distil-small.en,3,False,True,1,0.4,0.3319232,0.2408426,0.2706543,17.3%,22.9%,2.165234088897705,27352.0,9810,3419.0,1410,3419.0,1226.25,22.39517593383789,2.8378067016601562,2.7993969917297363
2024-12-11 08:48:19.509,32-0.8.pkl,distil-small.en,3,False,True,1,0.4,0.3355749,0.2456417,0.2686130,17.3%,22.9%,2.1489038467407227,27352.0,11235,3419.0,1575,3419.0,1404.375,20.627361297607422,2.61529541015625,2.5784201622009277
2024-12-11 08:48:24.052,32-0.8.pkl,distil-small.en,3,False,True,1,0.6,0.3037896,0.2413657,0.2607298,17.3%,22.9%,2.085838794708252,27352.0,10890,3419.0,1560,3419.0,1361.25,21.429370880126953,2.7125816345214844,2.678671360015869
2024-12-11 08:48:28.458,32-0.8.pkl,distil-small.en,3,False,True,1,0.6,0.2961719,0.2397480,0.2637127,17.3%,22.9%,2.1097018718719482,27352.0,10110,3419.0,1410,3419.0,1263.75,23.386825561523438,2.969532012939453,2.9233531951904297
2024-12-11 08:48:32.879,32-0.8.pkl,distil-small.en,3,False,True,1,0.6,0.3091247,0.2368903,0.2602561,17.3%,22.9%,2.0820488929748535,27352.0,10950,3419.0,1425,3419.0,1368.75,24.737300872802734,3.1410255432128906,3.092162609100342
2024-12-11 08:48:37.683,32-0.8.pkl,distil-small.en,3,False,True,1,0.8,0.3554533,0.2374063,0.2648169,17.3%,22.9%,2.1185355186462402,27352.0,11205,3419.0,1545,3419.0,1400.625,25.384685516357422,3.21063232421875,3.1730856895446777
2024-12-11 08:48:42.170,32-0.8.pkl,distil-small.en,3,False,True,1,0.8,0.3046377,0.2424784,0.2605245,17.3%,22.9%,2.084195613861084,27352.0,10170,3419.0,1560,3419.0,1271.25,24.273883819580078,3.1063499450683594,3.0342354774475098
2024-12-11 08:48:46.603,32-0.8.pkl,distil-small.en,3,False,True,1,0.8,0.3135574,0.2230086,0.2489427,17.3%,22.9%,1.991541862487793,27352.0,10935,3419.0,1575,3419.0,1366.875,23.12588882446289,2.9100608825683594,2.8907361030578613
2024-12-11 08:48:51.292,32-0.8.pkl,distil-small.en,3,False,True,4,0.4,0.3284006,0.2409184,0.2775698,17.3%,22.9%,2.2205581665039062,27536.0,11220,3443.0,1500,3442.0,1402.5,22.97603988647461,2.8846702575683594,2.872004985809326
2024-12-11 08:48:55.713,32-0.8.pkl,distil-small.en,3,False,True,4,0.4,0.3029788,0.2286031,0.2515540,17.3%,22.9%,2.0124318599700928,27536.0,11535,3443.0,1545,3442.0,1441.875,24.759048461914062,3.1244277954101562,3.094881057739258
2024-12-11 08:49:00.041,32-0.8.pkl,distil-small.en,3,False,True,4,0.4,0.2918952,0.2222791,0.2445193,17.3%,22.9%,1.9561541080474854,27536.0,10740,3443.0,1560,3442.0,1342.5,24.05020523071289,3.029460906982422,3.0062756538391113
2024-12-11 08:49:04.659,32-0.8.pkl,distil-small.en,3,False,True,4,0.6,0.3072112,0.2429423,0.2644943,17.3%,22.9%,2.115954637527466,27536.0,11040,3443.0,1560,3442.0,1380.0,24.94842529296875,3.1651039123535156,3.1185531616210938
2024-12-11 08:49:09.074,32-0.8.pkl,distil-small.en,3,False,True,4,0.6,0.3164196,0.2387946,0.2649639,17.3%,22.9%,2.119711399078369,27536.0,10980,3443.0,1575,3442.0,1372.5,26.478485107421875,3.334941864013672,3.3098106384277344
2024-12-11 08:49:13.571,32-0.8.pkl,distil-small.en,3,False,True,4,0.6,0.3169804,0.2427542,0.2701739,17.3%,22.9%,2.161391496658325,27536.0,11010,3443.0,1500,3442.0,1376.25,27.072322845458984,3.4571266174316406,3.384040355682373
2024-12-11 08:49:18.134,32-0.8.pkl,distil-small.en,3,False,True,4,0.8,0.3307214,0.2430811,0.2682923,17.3%,22.9%,2.14633846282959,27536.0,11085,3443.0,1560,3442.0,1385.625,25.575359344482422,3.236560821533203,3.1969199180603027
2024-12-11 08:49:22.821,32-0.8.pkl,distil-small.en,3,False,True,4,0.8,0.3424442,0.2531867,0.2845201,17.3%,22.9%,2.276160717010498,27536.0,9255,3443.0,1485,3442.0,1156.875,25.514118194580078,3.2391891479492188,3.1892647743225098
2024-12-11 08:49:27.359,32-0.8.pkl,distil-small.en,3,False,True,4,0.8,0.2919502,0.2408531,0.2629478,17.3%,22.9%,2.1035823822021484,27536.0,11100,3443.0,1560,3442.0,1387.5,24.284496307373047,3.064350128173828,3.035562038421631
2024-12-11 08:49:31.348,32-0.8.pkl,distil-small.en,3,False,False,1,N/A,0.2582850,0.1796963,0.2020338,17.3%,22.9%,1.6162700653076172,27352.0,10125,3419.0,1365,3419.0,1265.625,23.172595977783203,2.9185333251953125,2.8965744972229004
2024-12-11 08:49:35.296,32-0.8.pkl,distil-small.en,3,False,False,1,N/A,0.2301168,0.1819572,0.2023420,17.3%,22.9%,1.6187357902526855,27352.0,10320,3419.0,1455,3419.0,1290.0,22.42276382446289,2.8199195861816406,2.8028454780578613
2024-12-11 08:49:39.681,32-0.8.pkl,distil-small.en,3,False,False,1,N/A,0.2731395,0.2349830,0.2565816,17.3%,22.9%,2.0526530742645264,27352.0,9720,3419.0,1485,3419.0,1215.0,21.771263122558594,2.7402496337890625,2.721407890319824
2024-12-11 08:49:44.005,32-0.8.pkl,distil-small.en,3,False,False,4,N/A,0.2745092,0.2328849,0.2512034,17.3%,22.9%,2.009626865386963,27528.0,9885,3443.0,1335,3441.0,1235.625,20.8411865234375,2.6196556091308594,2.6051483154296875
2024-12-11 08:49:48.583,32-0.8.pkl,distil-small.en,3,False,False,4,N/A,0.3403063,0.2403626,0.2708464,17.3%,22.9%,2.166771173477173,27528.0,9585,3443.0,1365,3441.0,1198.125,21.423999786376953,2.707744598388672,2.677999973297119
2024-12-11 08:49:53.088,32-0.8.pkl,distil-small.en,3,False,False,4,N/A,0.3224759,0.2405849,0.2654844,17.3%,22.9%,2.123875379562378,27528.0,10470,3443.0,1485,3441.0,1308.75,21.128192901611328,2.672039031982422,2.641024112701416
2024-12-11 08:50:02.517,32-0.8.pkl,distil-small.en,5,True,True,1,0.4,3.7802963,0.2854412,0.8797256,136.7%,80.4%,7.037804841995239,27352.0,11805,3419.0,1590,3419.0,1475.625,22.401721954345703,2.8432540893554688,2.800215244293213
2024-12-11 08:50:12.173,32-0.8.pkl,distil-small.en,5,True,True,1,0.4,3.4231014,0.2846875,0.8923123,138.8%,80.6%,7.138498783111572,27352.0,11370,3419.0,1590,3419.0,1421.25,21.947254180908203,2.8013076782226562,2.7434067726135254
2024-12-11 08:50:21.882,32-0.8.pkl,distil-small.en,5,True,True,1,0.4,3.3954763,0.2771142,0.9297102,137.8%,80.5%,7.4376819133758545,27352.0,12045,3419.0,1590,3419.0,1505.625,23.018699645996094,2.939647674560547,2.8773374557495117
2024-12-11 08:50:33.604,32-0.8.pkl,distil-small.en,5,True,True,1,0.6,3.3824489,0.2831814,1.1615798,133.7%,80.1%,9.292638778686523,27352.0,12180,3419.0,1590,3419.0,1522.5,24.141334533691406,3.0735549926757812,3.017666816711426
2024-12-11 08:50:42.510,32-0.8.pkl,distil-small.en,5,True,True,1,0.6,3.3006096,0.2415130,0.8112459,137.8%,80.5%,6.489967107772827,27352.0,12075,3419.0,1575,3419.0,1509.375,23.949275970458984,3.052318572998047,2.993659496307373
2024-12-11 08:50:51.949,32-0.8.pkl,distil-small.en,5,True,True,1,0.6,3.4990230,0.2904940,0.8750794,135.7%,80.9%,7.000635147094727,27352.0,11580,3419.0,1590,3419.0,1447.5,24.715839385986328,3.1426162719726562,3.089479923248291
2024-12-11 08:51:02.080,32-0.8.pkl,distil-small.en,5,True,True,1,0.8,3.6218925,0.2801642,0.9592147,135.7%,80.9%,7.673717260360718,27352.0,11970,3419.0,1590,3419.0,1496.25,23.198017120361328,2.9826736450195312,2.899752140045166
2024-12-11 08:51:12.178,32-0.8.pkl,distil-small.en,5,True,True,1,0.8,3.5757666,0.2798145,0.9598912,137.8%,81.1%,7.679129600524902,27352.0,11925,3419.0,1590,3419.0,1490.625,21.29175567626953,2.735065460205078,2.6614694595336914
2024-12-11 08:51:21.783,32-0.8.pkl,distil-small.en,5,True,True,1,0.8,3.5586252,0.2813337,0.8952743,146.9%,80.3%,7.16219425201416,27352.0,11670,3419.0,1590,3419.0,1458.75,21.355979919433594,2.703083038330078,2.669497489929199
2024-12-11 08:51:31.706,32-0.8.pkl,distil-small.en,5,True,True,4,0.4,4.0270417,0.2917626,0.9349335,136.7%,81.0%,7.4794676303863525,27536.0,11535,3443.0,1590,3442.0,1441.875,21.531700134277344,2.757404327392578,2.691462516784668
2024-12-11 08:51:42.255,32-0.8.pkl,distil-small.en,5,True,True,4,0.4,3.8940103,0.2984741,1.0006740,135.7%,80.9%,8.00539231300354,27536.0,12180,3443.0,1590,3442.0,1522.5,19.978416442871094,2.5408935546875,2.4973020553588867
2024-12-11 08:51:52.231,32-0.8.pkl,distil-small.en,5,True,True,4,0.4,3.7131205,0.3010304,0.9460552,135.7%,80.9%,7.568441867828369,27536.0,11790,3443.0,1590,3442.0,1473.75,20.992801666259766,2.64581298828125,2.6241002082824707
2024-12-11 08:52:03.099,32-0.8.pkl,distil-small.en,5,True,True,4,0.6,3.9867902,0.2782381,1.0423297,134.7%,80.8%,8.338637351989746,27536.0,12120,3443.0,1590,3442.0,1515.0,22.063098907470703,2.792095184326172,2.757887363433838
2024-12-11 08:52:13.588,32-0.8.pkl,distil-small.en,5,True,True,4,0.6,3.9060037,0.3070872,1.0092084,138.8%,80.6%,8.073667526245117,27536.0,11835,3443.0,1590,3442.0,1479.375,23.662288665771484,3.0147323608398438,2.9577860832214355
2024-12-11 08:52:25.663,32-0.8.pkl,distil-small.en,5,True,True,4,0.6,3.7152512,0.2955053,1.2163585,43.9%,54.3%,9.730868101119995,27536.0,12210,3443.0,1590,3442.0,1526.25,23.556564331054688,3.0223312377929688,2.944570541381836
2024-12-11 08:52:35.436,32-0.8.pkl,distil-small.en,5,True,True,4,0.8,3.5664163,0.2823579,0.9303838,133.7%,80.7%,7.443070411682129,27536.0,12045,3443.0,1590,3442.0,1505.625,23.54256820678711,3.0025901794433594,2.9428210258483887
2024-12-11 08:52:45.978,32-0.8.pkl,distil-small.en,5,True,True,4,0.8,3.9682641,0.2858605,1.0019065,146.9%,80.3%,8.015251636505127,27536.0,11775,3443.0,1590,3442.0,1471.875,23.48638153076172,3.0117454528808594,2.935797691345215
2024-12-11 08:52:56.005,32-0.8.pkl,distil-small.en,5,True,True,4,0.8,3.8401177,0.2861204,0.9439570,136.7%,80.4%,7.551656007766724,27536.0,11790,3443.0,1590,3442.0,1473.75,22.038246154785156,2.8083724975585938,2.7547807693481445
2024-12-11 08:53:00.677,32-0.8.pkl,distil-small.en,5,True,False,1,N/A,0.3448169,0.2530277,0.2869073,16.3%,20.0%,2.2952582836151123,27352.0,9480,3419.0,1455,3419.0,1185.0,23.527507781982422,2.972919464111328,2.9409384727478027
2024-12-11 08:53:04.649,32-0.8.pkl,distil-small.en,5,True,False,1,N/A,0.2717113,0.1929181,0.2231171,16.3%,20.0%,1.7849369049072266,27352.0,11070,3419.0,1575,3419.0,1383.75,24.88721466064453,3.147258758544922,3.1109018325805664
2024-12-11 08:53:08.608,32-0.8.pkl,distil-small.en,5,True,False,1,N/A,0.2782090,0.2054458,0.2282947,16.3%,20.0%,1.8263578414916992,27352.0,11835,3419.0,1545,3419.0,1479.375,23.781936645507812,3.01605224609375,2.9727420806884766
2024-12-11 08:53:13.000,32-0.8.pkl,distil-small.en,5,True,False,4,N/A,0.3170848,0.2496383,0.2803270,16.3%,20.0%,2.2426161766052246,27528.0,10995,3443.0,1440,3441.0,1374.375,23.327415466308594,2.9490089416503906,2.915926933288574
2024-12-11 08:53:17.580,32-0.8.pkl,distil-small.en,5,True,False,4,N/A,0.3166640,0.2675304,0.2915575,16.3%,20.0%,2.3324596881866455,27528.0,9585,3443.0,1455,3441.0,1198.125,24.07009506225586,3.0676918029785156,3.0087618827819824
2024-12-11 08:53:22.288,32-0.8.pkl,distil-small.en,5,True,False,4,N/A,0.3393340,0.2560203,0.2913835,16.3%,20.0%,2.3310680389404297,27528.0,11535,3443.0,1545,3441.0,1441.875,24.01474380493164,3.0323944091796875,3.001842975616455
2024-12-11 08:53:26.770,32-0.8.pkl,distil-small.en,5,False,True,1,0.4,0.3255177,0.2423959,0.2699875,17.3%,22.9%,2.159899950027466,27352.0,10920,3419.0,1575,3419.0,1365.0,23.400020599365234,2.9570579528808594,2.9250025749206543
2024-12-11 08:53:31.382,32-0.8.pkl,distil-small.en,5,False,True,1,0.4,0.3374188,0.2577927,0.2885483,17.3%,22.9%,2.3083865642547607,27352.0,10575,3419.0,1590,3419.0,1321.875,22.060699462890625,2.797588348388672,2.757587432861328
2024-12-11 08:53:36.050,32-0.8.pkl,distil-small.en,5,False,True,1,0.4,0.3404832,0.2195880,0.2575819,17.3%,22.9%,2.0606555938720703,27352.0,11580,3419.0,1560,3419.0,1447.5,23.898181915283203,3.0066070556640625,2.9872727394104004
2024-12-11 08:53:40.970,32-0.8.pkl,distil-small.en,5,False,True,1,0.6,0.3844938,0.2753928,0.3023223,17.3%,22.9%,2.418578624725342,27352.0,10230,3419.0,1485,3419.0,1278.75,22.89132308959961,2.8827247619628906,2.861415386199951
2024-12-11 08:53:45.655,32-0.8.pkl,distil-small.en,5,False,True,1,0.6,0.3428538,0.2615004,0.2943720,17.3%,22.9%,2.354975700378418,27352.0,10740,3419.0,1575,3419.0,1342.5,23.71131134033203,3.0291213989257812,2.963913917541504
2024-12-11 08:53:50.323,32-0.8.pkl,distil-small.en,5,False,True,1,0.6,0.3619864,0.2554955,0.2841743,17.3%,22.9%,2.2733941078186035,27352.0,11400,3419.0,1530,3419.0,1425.0,22.93246841430664,2.9147682189941406,2.86655855178833
2024-12-11 08:53:54.919,32-0.8.pkl,distil-small.en,5,False,True,1,0.8,0.3440082,0.2274282,0.2614891,17.3%,22.9%,2.0919125080108643,27352.0,11295,3419.0,1575,3419.0,1411.875,23.570362091064453,2.9966049194335938,2.9462952613830566
2024-12-11 08:53:59.029,32-0.8.pkl,distil-small.en,5,False,True,1,0.8,0.2885346,0.2153594,0.2393395,17.3%,22.9%,1.9147157669067383,27352.0,10800,3419.0,1515,3419.0,1350.0,22.648849487304688,2.865447998046875,2.831106185913086
2024-12-11 08:54:03.351,32-0.8.pkl,distil-small.en,5,False,True,1,0.8,0.3265433,0.2135627,0.2644900,17.3%,22.9%,2.115919828414917,27352.0,10575,3419.0,1575,3419.0,1321.875,21.734027862548828,2.7496719360351562,2.7167534828186035
2024-12-11 08:54:08.264,32-0.8.pkl,distil-small.en,5,False,True,4,0.4,0.3731520,0.2912745,0.3118908,17.3%,22.9%,2.495126247406006,27536.0,11925,3443.0,1590,3442.0,1490.625,21.49875259399414,2.7155532836914062,2.6873440742492676
2024-12-11 08:54:13.330,32-0.8.pkl,distil-small.en,5,False,True,4,0.4,0.3603246,0.2665455,0.3088563,17.3%,22.9%,2.4708504676818848,27536.0,9060,3443.0,1455,3442.0,1132.5,23.55167007446289,3.0136566162109375,2.9439587593078613
2024-12-11 08:54:18.173,32-0.8.pkl,distil-small.en,5,False,True,4,0.4,0.3823028,0.2587368,0.2994377,17.3%,22.9%,2.3955018520355225,27536.0,11940,3443.0,1590,3442.0,1492.5,22.190635681152344,2.7985076904296875,2.773829460144043
2024-12-11 08:54:23.026,32-0.8.pkl,distil-small.en,5,False,True,4,0.6,0.3395991,0.2677815,0.3101953,17.3%,22.9%,2.481562614440918,27536.0,8805,3443.0,1545,3442.0,1100.625,23.117755889892578,2.923412322998047,2.8897194862365723
2024-12-11 08:54:27.728,32-0.8.pkl,distil-small.en,5,False,True,4,0.6,0.3616726,0.2615306,0.2934055,17.3%,22.9%,2.3472442626953125,27536.0,11730,3443.0,1545,3442.0,1466.25,24.551116943359375,3.0817222595214844,3.068889617919922
2024-12-11 08:54:32.512,32-0.8.pkl,distil-small.en,5,False,True,4,0.6,0.3608632,0.2581677,0.3016539,17.3%,22.9%,2.4132308959960938,27536.0,11715,3443.0,1590,3442.0,1464.375,26.27954864501953,3.3269729614257812,3.2849435806274414
2024-12-11 08:54:37.321,32-0.8.pkl,distil-small.en,5,False,True,4,0.8,0.3636656,0.2630033,0.3005199,17.3%,22.9%,2.4041590690612793,27536.0,10275,3443.0,1500,3442.0,1284.375,25.075241088867188,3.1601715087890625,3.1344051361083984
2024-12-11 08:54:41.849,32-0.8.pkl,distil-small.en,5,False,True,4,0.8,0.3277504,0.2553198,0.2835482,17.3%,22.9%,2.268385410308838,27536.0,11670,3443.0,1590,3442.0,1458.75,26.69806671142578,3.3705825805664062,3.3372583389282227
2024-12-11 08:54:46.449,32-0.8.pkl,distil-small.en,5,False,True,4,0.8,0.3384423,0.2572436,0.2893334,17.3%,22.9%,2.314667224884033,27536.0,11820,3443.0,1590,3442.0,1477.5,25.56915283203125,3.2516708374023438,3.1961441040039062
2024-12-11 08:54:51.161,32-0.8.pkl,distil-small.en,5,False,False,1,N/A,0.3429883,0.2478890,0.2812299,17.3%,22.9%,2.2498393058776855,27352.0,11100,3419.0,1545,3419.0,1387.5,26.353160858154297,3.344196319580078,3.294145107269287
2024-12-11 08:54:55.302,32-0.8.pkl,distil-small.en,5,False,False,1,N/A,0.2842994,0.1867151,0.2339299,17.3%,22.9%,1.871438980102539,27352.0,11100,3419.0,1500,3419.0,1387.5,25.33279037475586,3.2454986572265625,3.1665987968444824
2024-12-11 08:54:59.888,32-0.8.pkl,distil-small.en,5,False,False,1,N/A,0.3174744,0.2529783,0.2749193,17.3%,22.9%,2.1993541717529297,27352.0,11340,3419.0,1530,3419.0,1417.5,24.25206756591797,3.0735740661621094,3.031508445739746
2024-12-11 08:55:04.540,32-0.8.pkl,distil-small.en,5,False,False,4,N/A,0.3152919,0.2560582,0.2871258,17.3%,22.9%,2.297006368637085,27528.0,10185,3443.0,1395,3441.0,1273.125,22.616596221923828,2.880756378173828,2.8270745277404785
2024-12-11 08:55:09.279,32-0.8.pkl,distil-small.en,5,False,False,4,N/A,0.3251257,0.2453053,0.2788679,17.3%,22.9%,2.230943441390991,27512.0,10770,3443.0,1530,3439.0,1346.25,22.264366149902344,2.8048133850097656,2.783045768737793
2024-12-11 08:55:14.029,32-0.8.pkl,distil-small.en,5,False,False,4,N/A,0.3360305,0.2554002,0.2913048,17.3%,22.9%,2.3304386138916016,27528.0,11610,3443.0,1575,3441.0,1451.25,23.607376098632812,2.9712371826171875,2.9509220123291016
2024-12-11 08:55:24.576,32-0.8.pkl,distil-small.en,7,True,True,1,0.4,4.2293532,0.3472593,1.0196705,133.7%,80.7%,8.157363891601562,27352.0,12345,3419.0,1590,3419.0,1543.125,23.601394653320312,3.0311050415039062,2.950174331665039
2024-12-11 08:55:34.396,32-0.8.pkl,distil-small.en,7,True,True,1,0.4,3.7502277,0.2774220,0.9331092,134.7%,80.8%,7.464873313903809,27352.0,12315,3419.0,1590,3419.0,1539.375,24.126419067382812,3.095470428466797,3.0158023834228516
2024-12-11 08:55:45.372,32-0.8.pkl,distil-small.en,7,True,True,1,0.4,4.2679963,0.3558505,1.0807926,136.7%,81.0%,8.64634108543396,27352.0,12285,3419.0,1590,3419.0,1535.625,24.99267578125,3.192768096923828,3.12408447265625
2024-12-11 08:55:56.222,32-0.8.pkl,distil-small.en,7,True,True,1,0.6,4.2436099,0.3458014,1.0464523,137.8%,81.1%,8.371618509292603,27352.0,12330,3419.0,1590,3419.0,1541.25,24.37343978881836,3.174407958984375,3.046679973602295
2024-12-11 08:56:06.933,32-0.8.pkl,distil-small.en,7,True,True,1,0.6,3.8926220,0.3333421,1.0441007,148.0%,79.9%,8.352805614471436,27352.0,12135,3419.0,1590,3419.0,1516.875,23.306835174560547,3.0020675659179688,2.9133543968200684
2024-12-11 08:56:17.912,32-0.8.pkl,distil-small.en,7,True,True,1,0.6,4.1457608,0.3508160,1.0795640,136.7%,81.0%,8.636512041091919,27352.0,12120,3419.0,1590,3419.0,1515.0,21.572792053222656,2.7833824157714844,2.696599006652832
2024-12-11 08:56:28.234,32-0.8.pkl,distil-small.en,7,True,True,1,0.8,3.8457148,0.3375897,0.9884733,148.0%,80.4%,7.907786130905151,27352.0,12210,3419.0,1590,3419.0,1526.25,18.230785369873047,2.3016891479492188,2.278848171234131
2024-12-11 08:56:38.807,32-0.8.pkl,distil-small.en,7,True,True,1,0.8,4.0025244,0.2617400,0.9798839,135.7%,80.9%,7.839071273803711,27352.0,12255,3419.0,1590,3419.0,1531.875,20.883747100830078,2.6438865661621094,2.6104683876037598
2024-12-11 08:56:48.976,32-0.8.pkl,distil-small.en,7,True,True,1,0.8,3.6953835,0.3341916,0.9886332,146.9%,80.3%,7.9090657234191895,27352.0,12375,3419.0,1590,3419.0,1546.875,22.567119598388672,2.865161895751953,2.820889949798584
2024-12-11 08:56:59.017,32-0.8.pkl,distil-small.en,7,True,True,4,0.4,3.5045285,0.3553443,0.9513589,144.9%,80.1%,7.610870838165283,27664.0,12255,3475.0,1590,3458.0,1531.875,23.608806610107422,2.9984207153320312,2.9511008262634277
2024-12-11 08:57:09.777,32-0.8.pkl,distil-small.en,7,True,True,4,0.4,3.9670894,0.3373001,1.0295548,146.9%,80.3%,8.236438512802124,27664.0,12315,3475.0,1590,3458.0,1539.375,22.73505401611328,2.9032936096191406,2.84188175201416
2024-12-11 08:57:21.508,32-0.8.pkl,distil-small.en,7,True,True,4,0.4,4.2930968,0.3370881,1.1487597,136.7%,81.0%,9.190077781677246,27536.0,12135,3443.0,1590,3442.0,1516.875,21.71509552001953,2.787872314453125,2.7143869400024414
2024-12-11 08:57:33.016,32-0.8.pkl,distil-small.en,7,True,True,4,0.6,4.5345151,0.3548222,1.1253852,145.9%,80.2%,9.003081321716309,27536.0,12195,3443.0,1590,3442.0,1524.375,22.007614135742188,2.814678192138672,2.7509517669677734
2024-12-11 08:57:44.435,32-0.8.pkl,distil-small.en,7,True,True,4,0.6,3.2810626,0.3386526,1.1292796,132.7%,77.2%,9.034237146377563,27536.0,12315,3443.0,1590,3442.0,1539.375,22.747623443603516,2.9094924926757812,2.8434529304504395
2024-12-11 08:57:55.352,32-0.8.pkl,distil-small.en,7,True,True,4,0.6,4.2757912,0.3530970,1.0651807,135.7%,80.9%,8.521445512771606,27536.0,12270,3443.0,1590,3442.0,1533.75,23.243995666503906,2.954387664794922,2.9054994583129883
2024-12-11 08:58:06.808,32-0.8.pkl,distil-small.en,7,True,True,4,0.8,4.4345434,0.3416536,1.1295676,138.8%,81.2%,9.036540746688843,27536.0,12090,3443.0,1590,3442.0,1511.25,21.77243423461914,2.7929840087890625,2.7215542793273926
2024-12-11 08:58:17.903,32-0.8.pkl,distil-small.en,7,True,True,4,0.8,4.5067525,0.3393409,1.0760421,146.9%,80.3%,8.608336448669434,27536.0,12195,3443.0,1590,3442.0,1524.375,22.570049285888672,2.8699951171875,2.821256160736084
2024-12-11 08:58:28.482,32-0.8.pkl,distil-small.en,7,True,True,4,0.8,4.2973890,0.3377717,1.0274870,148.0%,80.4%,8.219895601272583,27536.0,12315,3443.0,1590,3442.0,1539.375,23.725055694580078,3.031108856201172,2.9656319618225098
2024-12-11 08:58:33.521,32-0.8.pkl,distil-small.en,7,True,False,1,N/A,0.4011571,0.2594638,0.3150656,16.3%,20.0%,2.5205249786376953,27352.0,11385,3419.0,1590,3419.0,1423.125,24.20357894897461,3.0464401245117188,3.025447368621826
2024-12-11 08:58:38.791,32-0.8.pkl,distil-small.en,7,True,False,1,N/A,0.4171224,0.3149543,0.3556313,16.3%,20.0%,2.84505033493042,27352.0,10905,3419.0,1590,3419.0,1363.125,22.97146987915039,2.9431419372558594,2.871433734893799
2024-12-11 08:58:43.674,32-0.8.pkl,distil-small.en,7,True,False,1,N/A,0.3809655,0.2921343,0.3299764,16.3%,20.0%,2.6398110389709473,27352.0,12210,3419.0,1590,3419.0,1526.25,23.45366668701172,2.9629440307617188,2.931708335876465
2024-12-11 08:58:49.072,32-0.8.pkl,distil-small.en,7,True,False,4,N/A,0.4586980,0.3054459,0.3656017,16.3%,20.0%,2.924813985824585,27528.0,11610,3443.0,1590,3441.0,1451.25,22.587825775146484,2.8609237670898438,2.8234782218933105
2024-12-11 08:58:54.458,32-0.8.pkl,distil-small.en,7,True,False,4,N/A,0.4693382,0.3109977,0.3647079,16.3%,20.0%,2.917663335800171,27528.0,12060,3443.0,1590,3441.0,1507.5,21.30331039428711,2.6761741638183594,2.6629137992858887
2024-12-11 08:58:59.788,32-0.8.pkl,distil-small.en,7,True,False,4,N/A,0.4209349,0.3178473,0.3614291,16.3%,20.0%,2.891432762145996,27528.0,11820,3443.0,1590,3441.0,1477.5,21.211101531982422,2.670818328857422,2.6513876914978027
2024-12-11 08:59:05.064,32-0.8.pkl,distil-small.en,7,False,True,1,0.4,0.4575636,0.3043365,0.3594067,17.3%,20.2%,2.875253677368164,27352.0,12060,3419.0,1590,3419.0,1507.5,21.234943389892578,2.670001983642578,2.6543679237365723
2024-12-11 08:59:10.187,32-0.8.pkl,distil-small.en,7,False,True,1,0.4,0.4722323,0.3100240,0.3517388,17.3%,20.2%,2.813910484313965,27352.0,12420,3419.0,1590,3419.0,1552.5,22.779895782470703,2.8711929321289062,2.847486972808838
2024-12-11 08:59:15.484,32-0.8.pkl,distil-small.en,7,False,True,1,0.4,0.4820340,0.3061996,0.3568173,17.3%,20.2%,2.8545384407043457,27352.0,12090,3419.0,1590,3419.0,1511.25,23.956459045410156,3.031719207763672,2.9945573806762695
2024-12-11 08:59:20.805,32-0.8.pkl,distil-small.en,7,False,True,1,0.6,0.4860780,0.3019197,0.3590475,17.3%,20.2%,2.872380256652832,27352.0,11640,3419.0,1590,3419.0,1455.0,24.723533630371094,3.1308631896972656,3.0904417037963867
2024-12-11 08:59:26.028,32-0.8.pkl,distil-small.en,7,False,True,1,0.6,0.4659197,0.3057468,0.3563336,17.3%,20.2%,2.8506686687469482,27352.0,12000,3419.0,1590,3419.0,1500.0,25.598621368408203,3.2575836181640625,3.1998276710510254
2024-12-11 08:59:30.347,32-0.8.pkl,distil-small.en,7,False,True,1,0.6,0.3703167,0.2277243,0.2624701,17.3%,20.2%,2.0997610092163086,27352.0,12330,3419.0,1590,3419.0,1541.25,25.98143768310547,3.285480499267578,3.2476797103881836
2024-12-11 08:59:35.074,32-0.8.pkl,distil-small.en,7,False,True,1,0.8,0.3665926,0.2739801,0.3255416,17.3%,20.2%,2.60433292388916,27352.0,12705,3419.0,1590,3419.0,1588.125,24.638492584228516,3.1388587951660156,3.0798115730285645
2024-12-11 08:59:39.519,32-0.8.pkl,distil-small.en,7,False,True,1,0.8,0.3716381,0.2319291,0.2698627,17.3%,20.2%,2.1589012145996094,27352.0,11985,3419.0,1590,3419.0,1498.125,23.738361358642578,2.9960784912109375,2.9672951698303223
2024-12-11 08:59:44.272,32-0.8.pkl,distil-small.en,7,False,True,1,0.8,0.4091253,0.2492306,0.2922965,17.3%,20.2%,2.338372230529785,27352.0,11850,3419.0,1590,3419.0,1481.25,24.21438980102539,3.107227325439453,3.026798725128174
2024-12-11 08:59:49.220,32-0.8.pkl,distil-small.en,7,False,True,4,0.4,0.3982263,0.2983234,0.3405952,17.3%,20.2%,2.7247612476348877,27536.0,12495,3443.0,1590,3442.0,1561.875,23.18143081665039,2.9363250732421875,2.897678852081299
2024-12-11 08:59:54.597,32-0.8.pkl,distil-small.en,7,False,True,4,0.4,0.4706385,0.3123589,0.3634309,17.3%,20.2%,2.907447576522827,27536.0,11295,3443.0,1590,3442.0,1411.875,23.90435791015625,3.0297584533691406,2.9880447387695312
2024-12-11 08:59:59.999,32-0.8.pkl,distil-small.en,7,False,True,4,0.4,0.4669452,0.3199561,0.3626555,17.3%,20.2%,2.9012436866760254,27536.0,12315,3443.0,1590,3442.0,1539.375,24.740768432617188,3.1304550170898438,3.0925960540771484
2024-12-11 09:00:05.475,32-0.8.pkl,distil-small.en,7,False,True,4,0.6,0.4740102,0.3175876,0.3649134,17.3%,20.2%,2.919307231903076,27536.0,11565,3443.0,1590,3442.0,1445.625,23.458702087402344,2.9781723022460938,2.932337760925293
2024-12-11 09:00:10.791,32-0.8.pkl,distil-small.en,7,False,True,4,0.6,0.4626443,0.3068838,0.3580775,17.3%,20.2%,2.8646199703216553,27536.0,11700,3443.0,1590,3442.0,1462.5,24.010841369628906,3.0748062133789062,3.0013551712036133
2024-12-11 09:00:16.217,32-0.8.pkl,distil-small.en,7,False,True,4,0.6,0.4606755,0.3037515,0.3624656,17.3%,20.2%,2.8997251987457275,27536.0,12105,3443.0,1590,3442.0,1513.125,24.491085052490234,3.1432876586914062,3.0613856315612793
2024-12-11 09:00:21.686,32-0.8.pkl,distil-small.en,7,False,True,4,0.8,0.4650095,0.3171136,0.3683591,17.3%,20.2%,2.946873188018799,27536.0,12360,3443.0,1590,3442.0,1545.0,25.70299530029297,3.265087127685547,3.212874412536621
2024-12-11 09:00:26.986,32-0.8.pkl,distil-small.en,7,False,True,4,0.8,0.4469235,0.3072557,0.3586180,17.3%,20.2%,2.8689441680908203,27536.0,11745,3443.0,1590,3442.0,1468.125,26.760623931884766,3.4161834716796875,3.3450779914855957
2024-12-11 09:00:32.118,32-0.8.pkl,distil-small.en,7,False,True,4,0.8,0.4420300,0.3002579,0.3510029,17.3%,20.2%,2.808023452758789,27536.0,11445,3443.0,1590,3442.0,1430.625,25.356243133544922,3.2235336303710938,3.1695303916931152
2024-12-11 09:00:37.140,32-0.8.pkl,distil-small.en,7,False,False,1,N/A,0.3988776,0.2599220,0.3171923,17.3%,20.2%,2.537538528442383,27352.0,12000,3419.0,1590,3419.0,1500.0,25.822738647460938,3.2588768005371094,3.227842330932617
2024-12-11 09:00:41.818,32-0.8.pkl,distil-small.en,7,False,False,1,N/A,0.3559411,0.2373736,0.2991069,17.3%,20.2%,2.392854928970337,27352.0,12240,3419.0,1590,3419.0,1530.0,24.690601348876953,3.1076507568359375,3.086325168609619
2024-12-11 09:00:46.317,32-0.8.pkl,distil-small.en,7,False,False,1,N/A,0.3910842,0.2278216,0.2663009,17.3%,20.2%,2.1304075717926025,27352.0,12390,3419.0,1590,3419.0,1548.75,25.76639175415039,3.2528305053710938,3.220798969268799
2024-12-11 09:00:51.311,32-0.8.pkl,distil-small.en,7,False,False,4,N/A,0.4145603,0.3085513,0.3491399,17.3%,20.2%,2.793119430541992,27528.0,12390,3443.0,1590,3441.0,1548.75,24.546939849853516,3.141498565673828,3.0683674812316895
2024-12-11 09:00:56.743,32-0.8.pkl,distil-small.en,7,False,False,4,N/A,0.4634931,0.3091574,0.3658029,17.3%,20.2%,2.9264233112335205,27512.0,11340,3443.0,1590,3439.0,1417.5,25.647319793701172,3.2806167602539062,3.2059149742126465
2024-12-11 09:01:01.967,32-0.8.pkl,distil-small.en,7,False,False,4,N/A,0.4272373,0.3185070,0.3567727,17.3%,20.2%,2.8541817665100098,27528.0,11610,3443.0,1590,3441.0,1451.25,25.94085693359375,3.2995758056640625,3.2426071166992188
2024-12-11 09:01:11.028,32-0.8.pkl,distil-medium.en,3,True,True,1,0.4,0.7885373,0.3866026,0.5956437,37.8%,39.7%,4.765149354934692,29144.0,12120,3643.0,1590,3643.0,1515.0,24.225627899169922,3.1064376831054688,3.0282034873962402
2024-12-11 09:01:20.463,32-0.8.pkl,distil-medium.en,3,True,True,1,0.4,0.8461726,0.4007816,0.6712696,46.9%,50.6%,5.370156526565552,29144.0,12540,3643.0,1590,3643.0,1567.5,26.58458709716797,3.405487060546875,3.323073387145996
2024-12-11 09:01:29.156,32-0.8.pkl,distil-medium.en,3,True,True,1,0.4,0.6428268,0.4031906,0.5766796,27.6%,30.4%,4.613436698913574,29144.0,12495,3643.0,1575,3643.0,1561.875,27.19843292236328,3.4451637268066406,3.39980411529541
2024-12-11 09:01:38.202,32-0.8.pkl,distil-medium.en,3,True,True,1,0.6,0.8378370,0.4127066,0.6185988,37.8%,39.7%,4.9487903118133545,29176.0,12405,3675.0,1590,3647.0,1550.625,27.722301483154297,3.5512619018554688,3.465287685394287
2024-12-11 09:01:46.919,32-0.8.pkl,distil-medium.en,3,True,True,1,0.6,0.6434851,0.4245446,0.5863807,28.6%,31.4%,4.69104528427124,29144.0,12495,3643.0,1575,3643.0,1561.875,27.613327026367188,3.520313262939453,3.4516658782958984
2024-12-11 09:01:56.496,32-0.8.pkl,distil-medium.en,3,True,True,1,0.6,0.8479705,0.3252323,0.6734952,53.1%,55.9%,5.3879618644714355,29144.0,12540,3643.0,1590,3643.0,1567.5,26.258384704589844,3.340961456298828,3.2822980880737305
2024-12-11 09:02:05.157,32-0.8.pkl,distil-medium.en,3,True,True,1,0.8,0.6399331,0.3808107,0.5849346,28.6%,31.4%,4.679476737976074,29144.0,12615,3643.0,1590,3643.0,1576.875,26.846702575683594,3.4547195434570312,3.355837821960449
2024-12-11 09:02:14.000,32-0.8.pkl,distil-medium.en,3,True,True,1,0.8,0.8334961,0.3824661,0.6073443,37.8%,39.7%,4.858754396438599,29144.0,12630,3643.0,1590,3643.0,1578.75,27.241626739501953,3.4855308532714844,3.405203342437744
2024-12-11 09:02:23.287,32-0.8.pkl,distil-medium.en,3,True,True,1,0.8,0.8443866,0.3240180,0.6489958,53.1%,55.9%,5.1919660568237305,29144.0,12510,3643.0,1590,3643.0,1563.75,27.513042449951172,3.487823486328125,3.4391303062438965
2024-12-11 09:02:32.361,32-0.8.pkl,distil-medium.en,3,True,True,4,0.4,0.6463172,0.4784749,0.6103332,28.6%,31.4%,4.8826658725738525,29320.0,12495,3667.0,1590,3665.0,1561.875,26.45022964477539,3.3546981811523438,3.306278705596924
2024-12-11 09:02:41.794,32-0.8.pkl,distil-medium.en,3,True,True,4,0.4,0.8548794,0.4296479,0.6412838,37.8%,39.7%,5.130270719528198,29328.0,12525,3667.0,1590,3666.0,1565.625,25.368602752685547,3.2116127014160156,3.1710753440856934
2024-12-11 09:02:51.236,32-0.8.pkl,distil-medium.en,3,True,True,4,0.4,0.8720026,0.3997781,0.6795599,46.9%,50.6%,5.436479568481445,29328.0,12585,3667.0,1590,3666.0,1573.125,26.06186294555664,3.315418243408203,3.25773286819458
2024-12-11 09:03:00.298,32-0.8.pkl,distil-medium.en,3,True,True,4,0.6,0.8363094,0.4196906,0.6282398,37.8%,39.7%,5.025918245315552,29328.0,12630,3667.0,1590,3666.0,1578.75,25.65947723388672,3.228710174560547,3.20743465423584
2024-12-11 09:03:09.322,32-0.8.pkl,distil-medium.en,3,True,True,4,0.6,0.8725128,0.3988051,0.6251071,37.8%,39.7%,5.00085711479187,29328.0,12510,3667.0,1590,3666.0,1563.75,25.00995635986328,3.1606674194335938,3.12624454498291
2024-12-11 09:03:18.474,32-0.8.pkl,distil-medium.en,3,True,True,4,0.6,0.8768339,0.4088645,0.6345804,37.8%,39.7%,5.076643466949463,29328.0,12630,3667.0,1590,3666.0,1578.75,26.201915740966797,3.3181915283203125,3.2752394676208496
2024-12-11 09:03:27.955,32-0.8.pkl,distil-medium.en,3,True,True,4,0.8,0.8396525,0.4531178,0.6446823,37.8%,39.7%,5.157458305358887,29328.0,12630,3667.0,1590,3666.0,1578.75,26.105674743652344,3.295642852783203,3.263209342956543
2024-12-11 09:03:37.129,32-0.8.pkl,distil-medium.en,3,True,True,4,0.8,0.8586690,0.4470565,0.6418735,37.8%,39.7%,5.134987831115723,29328.0,12525,3667.0,1590,3666.0,1565.625,27.47705841064453,3.4854774475097656,3.4346323013305664
2024-12-11 09:03:46.052,32-0.8.pkl,distil-medium.en,3,True,True,4,0.8,0.6695473,0.4098954,0.6067898,28.6%,31.4%,4.854318618774414,29328.0,12615,3667.0,1590,3666.0,1576.875,28.295066833496094,3.6225852966308594,3.5368833541870117
2024-12-11 09:03:52.758,32-0.8.pkl,distil-medium.en,3,True,False,1,N/A,0.4109099,0.2745681,0.3299000,16.3%,20.0%,2.63919997215271,29144.0,12480,3643.0,1575,3643.0,1560.0,28.751827239990234,3.664752960205078,3.5939784049987793
2024-12-11 09:03:59.902,32-0.8.pkl,distil-medium.en,3,True,False,1,N/A,0.4522762,0.3215008,0.3470284,16.3%,20.0%,2.7762269973754883,29144.0,12465,3643.0,1575,3643.0,1558.125,26.769699096679688,3.4456939697265625,3.346212387084961
2024-12-11 09:04:06.424,32-0.8.pkl,distil-medium.en,3,True,False,1,N/A,0.3669989,0.2679496,0.3190528,16.3%,20.0%,2.5524227619171143,29144.0,12135,3643.0,1575,3643.0,1516.875,28.596778869628906,3.628520965576172,3.5745973587036133
2024-12-11 09:04:12.957,32-0.8.pkl,distil-medium.en,3,True,False,4,N/A,0.4040172,0.2873988,0.3239028,16.3%,20.0%,2.591222047805786,29320.0,12600,3667.0,1575,3665.0,1575.0,27.037456512451172,3.427288055419922,3.3796820640563965
2024-12-11 09:04:19.614,32-0.8.pkl,distil-medium.en,3,True,False,4,N/A,0.3879955,0.2899342,0.3257128,16.3%,20.0%,2.6057021617889404,29320.0,12540,3667.0,1575,3665.0,1567.5,25.585548400878906,3.239177703857422,3.1981935501098633
2024-12-11 09:04:26.412,32-0.8.pkl,distil-medium.en,3,True,False,4,N/A,0.4343359,0.2969689,0.3374346,16.3%,20.0%,2.699476957321167,29320.0,12495,3667.0,1575,3665.0,1561.875,27.21446990966797,3.425037384033203,3.401808738708496
2024-12-11 09:04:33.087,32-0.8.pkl,distil-medium.en,3,False,True,1,0.4,0.3731418,0.2747490,0.3345700,15.3%,19.1%,2.676560163497925,29144.0,12255,3643.0,1575,3643.0,1531.875,28.44860076904297,3.600421905517578,3.556075096130371
2024-12-11 09:04:39.700,32-0.8.pkl,distil-medium.en,3,False,True,1,0.4,0.3897057,0.2671049,0.3114191,15.3%,19.1%,2.4913527965545654,29144.0,12480,3643.0,1575,3643.0,1560.0,29.332054138183594,3.708148956298828,3.666506767272949
2024-12-11 09:04:46.504,32-0.8.pkl,distil-medium.en,3,False,True,1,0.4,0.4156985,0.2730024,0.3389343,15.3%,19.1%,2.711474657058716,29144.0,12495,3643.0,1575,3643.0,1561.875,30.306915283203125,3.8515281677246094,3.7883644104003906
2024-12-11 09:04:53.520,32-0.8.pkl,distil-medium.en,3,False,True,1,0.6,0.4118950,0.3282387,0.3513986,15.3%,19.1%,2.8111884593963623,29144.0,12330,3643.0,1575,3643.0,1541.25,29.149715423583984,3.698139190673828,3.643714427947998
2024-12-11 09:05:00.844,32-0.8.pkl,distil-medium.en,3,False,True,1,0.6,0.4752378,0.3272521,0.3535640,15.3%,19.1%,2.828512191772461,29144.0,12540,3643.0,1575,3643.0,1567.5,27.50658416748047,3.5045433044433594,3.4383230209350586
2024-12-11 09:05:07.669,32-0.8.pkl,distil-medium.en,3,False,True,1,0.6,0.4001913,0.3076854,0.3332020,15.3%,19.1%,2.665616035461426,29144.0,12285,3643.0,1575,3643.0,1535.625,28.29974365234375,3.6126480102539062,3.5374679565429688
2024-12-11 09:05:14.804,32-0.8.pkl,distil-medium.en,3,False,True,1,0.8,0.3775971,0.3241560,0.3436157,15.3%,19.1%,2.7489256858825684,29144.0,12330,3643.0,1575,3643.0,1541.25,27.125003814697266,3.4495925903320312,3.390625476837158
2024-12-11 09:05:21.529,32-0.8.pkl,distil-medium.en,3,False,True,1,0.8,0.3828621,0.2667246,0.3276243,15.3%,19.1%,2.6209945678710938,29144.0,12180,3643.0,1575,3643.0,1522.5,27.75503921508789,3.5072021484375,3.4693799018859863
2024-12-11 09:05:28.183,32-0.8.pkl,distil-medium.en,3,False,True,1,0.8,0.3772721,0.2650514,0.3249217,15.3%,19.1%,2.5993735790252686,29144.0,12585,3643.0,1575,3643.0,1573.125,26.861865997314453,3.3920822143554688,3.3577332496643066
2024-12-11 09:05:35.374,32-0.8.pkl,distil-medium.en,3,False,True,4,0.4,0.4977658,0.3357306,0.3656843,15.3%,19.1%,2.9254746437072754,29328.0,12495,3667.0,1575,3666.0,1561.875,28.09770965576172,3.5553932189941406,3.512213706970215
2024-12-11 09:05:42.385,32-0.8.pkl,distil-medium.en,3,False,True,4,0.4,0.4118037,0.3287325,0.3506082,15.3%,19.1%,2.804865598678589,29328.0,12240,3667.0,1575,3666.0,1530.0,28.76373291015625,3.6646804809570312,3.5954666137695312
2024-12-11 09:05:49.419,32-0.8.pkl,distil-medium.en,3,False,True,4,0.4,0.3952610,0.3199999,0.3427751,15.3%,19.1%,2.7422006130218506,29328.0,12510,3667.0,1575,3666.0,1563.75,27.19000244140625,3.4558982849121094,3.3987503051757812
2024-12-11 09:05:56.459,32-0.8.pkl,distil-medium.en,3,False,True,4,0.6,0.4227297,0.3176746,0.3513786,15.3%,19.1%,2.8110287189483643,29328.0,12495,3667.0,1575,3666.0,1561.875,29.231536865234375,3.718944549560547,3.653942108154297
2024-12-11 09:06:03.537,32-0.8.pkl,distil-medium.en,3,False,True,4,0.6,0.4019976,0.3286328,0.3495443,15.3%,19.1%,2.7963547706604004,29328.0,12345,3667.0,1575,3666.0,1543.125,26.101551055908203,3.285564422607422,3.2626938819885254
2024-12-11 09:06:10.218,32-0.8.pkl,distil-medium.en,3,False,True,4,0.6,0.4357047,0.2710118,0.3183603,15.3%,19.1%,2.546882390975952,29328.0,12570,3667.0,1575,3666.0,1571.25,27.283538818359375,3.449474334716797,3.410442352294922
2024-12-11 09:06:17.360,32-0.8.pkl,distil-medium.en,3,False,True,4,0.8,0.4649825,0.3299944,0.3554887,15.3%,19.1%,2.843909502029419,29328.0,12390,3667.0,1575,3666.0,1548.75,25.916179656982422,3.2706069946289062,3.2395224571228027
2024-12-11 09:06:23.986,32-0.8.pkl,distil-medium.en,3,False,True,4,0.8,0.4365940,0.2843885,0.3264830,15.3%,19.1%,2.6118643283843994,29328.0,12450,3667.0,1575,3666.0,1556.25,25.131298065185547,3.1487693786621094,3.1414122581481934
2024-12-11 09:06:30.731,32-0.8.pkl,distil-medium.en,3,False,True,4,0.8,0.4074826,0.2822139,0.3306887,15.3%,19.1%,2.6455094814300537,29328.0,12360,3667.0,1575,3666.0,1545.0,26.876235961914062,3.387859344482422,3.359529495239258
2024-12-11 09:06:37.735,32-0.8.pkl,distil-medium.en,3,False,False,1,N/A,0.3917582,0.2661805,0.3310454,15.3%,19.1%,2.648362874984741,29144.0,12480,3643.0,1575,3643.0,1560.0,26.061260223388672,3.293933868408203,3.257657527923584
2024-12-11 09:06:44.084,32-0.8.pkl,distil-medium.en,3,False,False,1,N/A,0.3843594,0.3085983,0.3394054,15.3%,19.1%,2.715243101119995,29144.0,12330,3643.0,1575,3643.0,1541.25,26.490703582763672,3.343578338623047,3.311337947845459
2024-12-11 09:06:50.474,32-0.8.pkl,distil-medium.en,3,False,False,1,N/A,0.4017785,0.3080389,0.3396852,15.3%,19.1%,2.7174816131591797,29144.0,12495,3643.0,1575,3643.0,1561.875,27.96682357788086,3.540973663330078,3.4958529472351074
2024-12-11 09:06:57.023,32-0.8.pkl,distil-medium.en,3,False,False,4,N/A,0.3949816,0.2846532,0.3162579,15.3%,19.1%,2.5300631523132324,29304.0,12570,3667.0,1575,3663.0,1571.25,27.236324310302734,3.4457359313964844,3.404540538787842
2024-12-11 09:07:03.697,32-0.8.pkl,distil-medium.en,3,False,False,4,N/A,0.3935027,0.2992530,0.3263792,15.3%,19.1%,2.6110332012176514,29320.0,12300,3667.0,1575,3665.0,1537.5,26.289398193359375,3.3125152587890625,3.286174774169922
2024-12-11 09:07:10.263,32-0.8.pkl,distil-medium.en,3,False,False,4,N/A,0.4061763,0.2945561,0.3325950,15.3%,19.1%,2.660759687423706,29320.0,12600,3667.0,1575,3665.0,1575.0,27.764251708984375,3.5141639709472656,3.470531463623047
2024-12-11 09:07:19.512,32-0.8.pkl,distil-medium.en,5,True,True,1,0.4,0.6806560,0.4572752,0.6306900,28.6%,31.4%,5.045520305633545,29144.0,12525,3643.0,1590,3643.0,1565.625,26.662784576416016,3.420513153076172,3.332848072052002
2024-12-11 09:07:28.499,32-0.8.pkl,distil-medium.en,5,True,True,1,0.4,0.6746764,0.4526207,0.6258069,25.5%,28.5%,5.006454944610596,29144.0,12585,3643.0,1590,3643.0,1573.125,25.90282440185547,3.29620361328125,3.2378530502319336
2024-12-11 09:07:38.059,32-0.8.pkl,distil-medium.en,5,True,True,1,0.4,0.9213767,0.4760592,0.7120917,64.3%,66.2%,5.696733713150024,29176.0,12570,3675.0,1590,3647.0,1571.25,26.976306915283203,3.4638290405273438,3.3720383644104004
2024-12-11 09:07:47.663,32-0.8.pkl,distil-medium.en,5,True,True,1,0.6,0.8609209,0.4605396,0.6499856,37.8%,39.7%,5.199884414672852,29144.0,12525,3643.0,1590,3643.0,1565.625,25.58069610595703,3.279033660888672,3.197587013244629
2024-12-11 09:07:57.026,32-0.8.pkl,distil-medium.en,5,True,True,1,0.6,0.8763824,0.4787383,0.6532746,37.8%,39.7%,5.226197004318237,29144.0,12480,3643.0,1590,3643.0,1560.0,26.79132080078125,3.4558181762695312,3.3489151000976562
2024-12-11 09:08:06.460,32-0.8.pkl,distil-medium.en,5,True,True,1,0.6,0.8615091,0.4293001,0.6844910,48.0%,52.6%,5.47592830657959,29144.0,12540,3643.0,1590,3643.0,1567.5,24.652008056640625,3.162647247314453,3.081501007080078
2024-12-11 09:08:15.611,32-0.8.pkl,distil-medium.en,5,True,True,1,0.8,0.8614206,0.4540408,0.6475255,37.8%,39.7%,5.180203676223755,29144.0,12525,3643.0,1590,3643.0,1565.625,24.278614044189453,3.0440902709960938,3.0348267555236816
2024-12-11 09:08:24.500,32-0.8.pkl,distil-medium.en,5,True,True,1,0.8,0.6746020,0.4281189,0.6250715,28.6%,31.4%,5.000572204589844,29144.0,12510,3643.0,1590,3643.0,1563.75,26.315589904785156,3.3213729858398438,3.2894487380981445
2024-12-11 09:08:33.990,32-0.8.pkl,distil-medium.en,5,True,True,1,0.8,0.9020154,0.4077864,0.6855412,64.3%,66.2%,5.484329700469971,29144.0,12675,3643.0,1590,3643.0,1584.375,27.72909927368164,3.555805206298828,3.466137409210205
2024-12-11 09:08:43.149,32-0.8.pkl,distil-medium.en,5,True,True,4,0.4,0.8767014,0.3883491,0.6283464,37.8%,40.6%,5.026771545410156,29328.0,12525,3667.0,1590,3666.0,1565.625,28.652286529541016,3.6544761657714844,3.581535816192627
2024-12-11 09:08:52.227,32-0.8.pkl,distil-medium.en,5,True,True,4,0.4,0.9038756,0.4328322,0.6549540,37.8%,39.7%,5.23963189125061,29328.0,12540,3667.0,1590,3666.0,1567.5,28.907798767089844,3.723011016845703,3.6134748458862305
2024-12-11 09:09:01.441,32-0.8.pkl,distil-medium.en,5,True,True,4,0.4,0.8601906,0.4281044,0.6451949,37.8%,39.7%,5.161559104919434,29328.0,12630,3667.0,1590,3666.0,1578.75,27.252086639404297,3.4976577758789062,3.406510829925537
2024-12-11 09:09:10.768,32-0.8.pkl,distil-medium.en,5,True,True,4,0.6,0.8697689,0.4942536,0.6711898,37.8%,39.7%,5.369518041610718,29328.0,12525,3667.0,1590,3666.0,1565.625,24.84957504272461,3.1815261840820312,3.106196880340576
2024-12-11 09:09:19.953,32-0.8.pkl,distil-medium.en,5,True,True,4,0.6,0.6978726,0.4694049,0.6308058,26.5%,28.5%,5.046446323394775,29328.0,12510,3667.0,1590,3666.0,1563.75,24.675426483154297,3.1057052612304688,3.084428310394287
2024-12-11 09:09:29.420,32-0.8.pkl,distil-medium.en,5,True,True,4,0.6,0.8807774,0.4631119,0.6609544,37.8%,39.7%,5.287635564804077,29328.0,12525,3667.0,1590,3666.0,1565.625,25.22616958618164,3.192413330078125,3.153271198272705
2024-12-11 09:09:38.733,32-0.8.pkl,distil-medium.en,5,True,True,4,0.8,0.8755555,0.4348660,0.6497277,37.8%,39.7%,5.197821378707886,29328.0,12600,3667.0,1590,3666.0,1575.0,26.490692138671875,3.3509750366210938,3.3113365173339844
2024-12-11 09:09:48.395,32-0.8.pkl,distil-medium.en,5,True,True,4,0.8,0.9334664,0.4630110,0.7188144,48.0%,52.6%,5.7505152225494385,29328.0,12585,3667.0,1590,3666.0,1573.125,27.727405548095703,3.534698486328125,3.465925693511963
2024-12-11 09:09:57.487,32-0.8.pkl,distil-medium.en,5,True,True,4,0.8,0.8660729,0.4284160,0.6567414,37.8%,39.7%,5.253931283950806,29328.0,12585,3667.0,1590,3666.0,1573.125,26.686946868896484,3.391826629638672,3.3358683586120605
2024-12-11 09:10:04.365,32-0.8.pkl,distil-medium.en,5,True,False,1,N/A,0.4411266,0.2808921,0.3497827,16.3%,20.0%,2.798261880874634,29144.0,12495,3643.0,1575,3643.0,1561.875,27.98984146118164,3.542816162109375,3.498730182647705
2024-12-11 09:10:11.332,32-0.8.pkl,distil-medium.en,5,True,False,1,N/A,0.3866155,0.2980685,0.3506261,16.3%,20.0%,2.805008888244629,29144.0,12540,3643.0,1575,3643.0,1567.5,28.913379669189453,3.6616363525390625,3.6141724586486816
2024-12-11 09:10:18.629,32-0.8.pkl,distil-medium.en,5,True,False,1,N/A,0.4572794,0.3349187,0.3664427,16.3%,20.0%,2.931541681289673,29144.0,12495,3643.0,1575,3643.0,1561.875,26.861572265625,3.381683349609375,3.357696533203125
2024-12-11 09:10:25.581,32-0.8.pkl,distil-medium.en,5,True,False,4,N/A,0.4861720,0.3401685,0.3751123,16.3%,20.0%,3.0008981227874756,29320.0,12600,3667.0,1575,3665.0,1575.0,28.04195785522461,3.5510406494140625,3.505244731903076
2024-12-11 09:10:32.622,32-0.8.pkl,distil-medium.en,5,True,False,4,N/A,0.4255941,0.3331687,0.3666583,16.3%,20.0%,2.9332664012908936,29320.0,12600,3667.0,1575,3665.0,1575.0,28.669578552246094,3.668140411376953,3.5836973190307617
2024-12-11 09:10:39.698,32-0.8.pkl,distil-medium.en,5,True,False,4,N/A,0.4559829,0.3213921,0.3669643,16.3%,20.0%,2.9357144832611084,29320.0,12540,3667.0,1575,3665.0,1567.5,27.054458618164062,3.4349098205566406,3.381807327270508
2024-12-11 09:10:46.738,32-0.8.pkl,distil-medium.en,5,False,True,1,0.4,0.4418397,0.2893999,0.3660574,16.3%,20.0%,2.9284591674804688,29144.0,12525,3643.0,1575,3643.0,1565.625,25.86484146118164,3.2789230346679688,3.233105182647705
2024-12-11 09:10:53.493,32-0.8.pkl,distil-medium.en,5,False,True,1,0.4,0.4391007,0.3463829,0.3711345,16.3%,20.0%,2.96907639503479,29144.0,12495,3643.0,1575,3643.0,1561.875,27.295612335205078,3.4525299072265625,3.4119515419006348
2024-12-11 09:11:00.277,32-0.8.pkl,distil-medium.en,5,False,True,1,0.4,0.4017191,0.3337278,0.3634493,16.3%,20.0%,2.907594680786133,29144.0,12420,3643.0,1575,3643.0,1552.5,28.547149658203125,3.6149024963378906,3.5683937072753906
2024-12-11 09:11:06.832,32-0.8.pkl,distil-medium.en,5,False,True,1,0.6,0.4021914,0.2898719,0.3493863,16.3%,20.0%,2.795090675354004,29144.0,12345,3643.0,1575,3643.0,1543.125,27.305580139160156,3.4735031127929688,3.4131975173950195
2024-12-11 09:11:13.828,32-0.8.pkl,distil-medium.en,5,False,True,1,0.6,0.4000666,0.3371000,0.3703414,16.3%,20.0%,2.9627315998077393,29144.0,12345,3643.0,1575,3643.0,1543.125,26.093528747558594,3.311809539794922,3.261691093444824
2024-12-11 09:11:20.964,32-0.8.pkl,distil-medium.en,5,False,True,1,0.6,0.5159988,0.3455029,0.3806417,16.3%,20.0%,3.045133590698242,29144.0,12600,3643.0,1575,3643.0,1575.0,27.17745590209961,3.4386558532714844,3.397181987762451
2024-12-11 09:11:28.067,32-0.8.pkl,distil-medium.en,5,False,True,1,0.8,0.4587386,0.3467028,0.3749738,16.3%,20.0%,2.9997901916503906,29144.0,12405,3643.0,1575,3643.0,1550.625,26.409931182861328,3.340381622314453,3.301241397857666
2024-12-11 09:11:34.877,32-0.8.pkl,distil-medium.en,5,False,True,1,0.8,0.4227285,0.3147695,0.3679573,16.3%,20.0%,2.9436583518981934,29144.0,12495,3643.0,1575,3643.0,1561.875,27.914134979248047,3.5308265686035156,3.489266872406006
2024-12-11 09:11:41.354,32-0.8.pkl,distil-medium.en,5,False,True,1,0.8,0.3943751,0.2782676,0.3154498,16.3%,20.0%,2.5235984325408936,29144.0,12330,3643.0,1575,3643.0,1541.25,27.011280059814453,3.4110450744628906,3.3764100074768066
2024-12-11 09:11:48.735,32-0.8.pkl,distil-medium.en,5,False,True,4,0.4,0.4710851,0.3018231,0.3662892,16.3%,20.0%,2.9303135871887207,29328.0,12495,3667.0,1575,3666.0,1561.875,27.212013244628906,3.4384002685546875,3.4015016555786133
2024-12-11 09:11:55.927,32-0.8.pkl,distil-medium.en,5,False,True,4,0.4,0.4375262,0.3402426,0.3784875,16.3%,20.0%,3.027899980545044,29328.0,12240,3667.0,1575,3666.0,1530.0,26.427589416503906,3.372314453125,3.3034486770629883
2024-12-11 09:12:02.874,32-0.8.pkl,distil-medium.en,5,False,True,4,0.4,0.4350324,0.3047585,0.3648839,16.3%,20.0%,2.9190714359283447,29328.0,12345,3667.0,1575,3666.0,1543.125,27.627628326416016,3.5047607421875,3.453453540802002
2024-12-11 09:12:10.128,32-0.8.pkl,distil-medium.en,5,False,True,4,0.6,0.4562454,0.3112917,0.3719871,16.3%,20.0%,2.9758970737457275,29328.0,12435,3667.0,1575,3666.0,1554.375,27.26611328125,3.441028594970703,3.40826416015625
2024-12-11 09:12:17.395,32-0.8.pkl,distil-medium.en,5,False,True,4,0.6,0.4642887,0.3515062,0.3871332,16.3%,20.0%,3.0970656871795654,29328.0,12585,3667.0,1575,3666.0,1573.125,26.469593048095703,3.333465576171875,3.308699131011963
2024-12-11 09:12:24.172,32-0.8.pkl,distil-medium.en,5,False,True,4,0.6,0.4553852,0.3065050,0.3706578,16.3%,20.0%,2.9652626514434814,29328.0,12330,3667.0,1575,3666.0,1541.25,27.37378692626953,3.493152618408203,3.4217233657836914
2024-12-11 09:12:31.305,32-0.8.pkl,distil-medium.en,5,False,True,4,0.8,0.4480941,0.3454232,0.3772399,16.3%,20.0%,3.017918825149536,29328.0,12495,3667.0,1575,3666.0,1561.875,28.260944366455078,3.576313018798828,3.5326180458068848
2024-12-11 09:12:38.187,32-0.8.pkl,distil-medium.en,5,False,True,4,0.8,0.4260514,0.3517632,0.3740446,16.3%,20.0%,2.992356538772583,29328.0,12600,3667.0,1575,3666.0,1575.0,26.775012969970703,3.3928680419921875,3.346876621246338
2024-12-11 09:12:45.418,32-0.8.pkl,distil-medium.en,5,False,True,4,0.8,0.4461887,0.3548539,0.3809327,16.3%,20.0%,3.047461748123169,29328.0,12330,3667.0,1575,3666.0,1541.25,27.675739288330078,3.525238037109375,3.4594674110412598
2024-12-11 09:12:52.214,32-0.8.pkl,distil-medium.en,5,False,False,1,N/A,0.4232905,0.3286719,0.3687250,16.3%,20.0%,2.9497997760772705,29144.0,12600,3643.0,1575,3643.0,1575.0,28.2449951171875,3.5612220764160156,3.5306243896484375
2024-12-11 09:12:59.000,32-0.8.pkl,distil-medium.en,5,False,False,1,N/A,0.4786291,0.3423805,0.3698502,16.3%,20.0%,2.958801507949829,29144.0,12495,3643.0,1575,3643.0,1561.875,29.33264923095703,3.714702606201172,3.666581153869629
2024-12-11 09:13:05.777,32-0.8.pkl,distil-medium.en,5,False,False,1,N/A,0.3988228,0.2820997,0.3546371,16.3%,20.0%,2.837096929550171,29144.0,12600,3643.0,1575,3643.0,1575.0,28.186626434326172,3.5651702880859375,3.5233283042907715
2024-12-11 09:13:12.815,32-0.8.pkl,distil-medium.en,5,False,False,4,N/A,0.4588566,0.3201184,0.3669407,16.3%,20.0%,2.935525894165039,29320.0,12495,3667.0,1575,3665.0,1561.875,28.989124298095703,3.678485870361328,3.623640537261963
2024-12-11 09:13:20.166,32-0.8.pkl,distil-medium.en,5,False,False,4,N/A,0.4753184,0.3482091,0.3774713,16.3%,20.0%,3.019770383834839,29320.0,12450,3667.0,1575,3665.0,1556.25,24.828739166259766,3.133777618408203,3.1035923957824707
2024-12-11 09:13:26.728,32-0.8.pkl,distil-medium.en,5,False,False,4,N/A,0.4326496,0.3464594,0.3673699,16.3%,20.0%,2.9389591217041016,29320.0,12345,3667.0,1575,3665.0,1543.125,26.48398208618164,3.3383865356445312,3.310497760772705
2024-12-11 09:13:36.454,32-0.8.pkl,distil-medium.en,7,True,True,1,0.4,0.7578728,0.5953028,0.6926593,32.7%,35.6%,5.541274547576904,29144.0,12570,3643.0,1590,3643.0,1571.25,27.48065185546875,3.5299606323242188,3.4350814819335938
2024-12-11 09:13:45.662,32-0.8.pkl,distil-medium.en,7,True,True,1,0.4,0.7170162,0.5990918,0.6874115,30.6%,32.6%,5.499292373657227,29144.0,12540,3643.0,1590,3643.0,1567.5,28.431987762451172,3.6089553833007812,3.5539984703063965
2024-12-11 09:13:55.040,32-0.8.pkl,distil-medium.en,7,True,True,1,0.4,0.7697957,0.4959307,0.6801508,32.7%,35.6%,5.441206693649292,29144.0,12690,3643.0,1590,3643.0,1586.25,29.072265625,3.7191543579101562,3.634033203125
2024-12-11 09:14:05.353,32-0.8.pkl,distil-medium.en,7,True,True,1,0.6,0.9236343,0.5688076,0.7298643,41.8%,46.4%,5.838914155960083,29144.0,12615,3643.0,1590,3643.0,1576.875,26.09371566772461,3.3901634216308594,3.261714458465576
2024-12-11 09:14:15.079,32-0.8.pkl,distil-medium.en,7,True,True,1,0.6,0.7861657,0.5192623,0.6934566,32.7%,35.6%,5.5476531982421875,29144.0,12690,3643.0,1590,3643.0,1586.25,24.96475601196289,3.2342491149902344,3.1205945014953613
2024-12-11 09:14:24.508,32-0.8.pkl,distil-medium.en,7,True,True,1,0.6,0.8980088,0.5255597,0.6990030,38.8%,40.8%,5.592023849487305,29144.0,12660,3643.0,1590,3643.0,1582.5,25.824813842773438,3.3030014038085938,3.2281017303466797
2024-12-11 09:14:33.632,32-0.8.pkl,distil-medium.en,7,True,True,1,0.8,0.7122502,0.5084305,0.6764964,33.7%,36.6%,5.411971569061279,29144.0,12660,3643.0,1590,3643.0,1582.5,26.59823989868164,3.3926315307617188,3.324779987335205
2024-12-11 09:14:43.189,32-0.8.pkl,distil-medium.en,7,True,True,1,0.8,0.7307377,0.5186124,0.6757067,31.6%,33.6%,5.405653476715088,29144.0,12555,3643.0,1590,3643.0,1569.375,25.896892547607422,3.2804336547851562,3.2371115684509277
2024-12-11 09:14:52.820,32-0.8.pkl,distil-medium.en,7,True,True,1,0.8,0.7616196,0.5381658,0.6938255,32.7%,35.6%,5.550604343414307,29144.0,12570,3643.0,1590,3643.0,1571.25,27.163734436035156,3.4711532592773438,3.3954668045043945
2024-12-11 09:15:02.099,32-0.8.pkl,distil-medium.en,7,True,True,4,0.4,0.7720733,0.5064416,0.6892629,32.7%,35.6%,5.514103174209595,29328.0,12690,3667.0,1590,3666.0,1586.25,25.708816528320312,3.2715187072753906,3.213602066040039
2024-12-11 09:15:11.648,32-0.8.pkl,distil-medium.en,7,True,True,4,0.4,0.7838216,0.5303702,0.7084982,32.7%,35.6%,5.667985916137695,29328.0,12630,3667.0,1590,3666.0,1578.75,25.3836669921875,3.2365341186523438,3.1729583740234375
2024-12-11 09:15:21.376,32-0.8.pkl,distil-medium.en,7,True,True,4,0.4,0.7786944,0.5640094,0.7003166,32.7%,35.6%,5.6025331020355225,29328.0,12675,3667.0,1590,3666.0,1584.375,26.72027587890625,3.386566162109375,3.3400344848632812
2024-12-11 09:15:31.401,32-0.8.pkl,distil-medium.en,7,True,True,4,0.6,1.0378630,0.5265226,0.7774961,35.7%,39.6%,6.219968557357788,29328.0,12600,3667.0,1590,3666.0,1575.0,27.510265350341797,3.5311203002929688,3.4387831687927246
2024-12-11 09:15:41.332,32-0.8.pkl,distil-medium.en,7,True,True,4,0.6,0.8481555,0.5544283,0.7125168,32.7%,35.6%,5.70013427734375,29328.0,12600,3667.0,1590,3666.0,1575.0,26.34292984008789,3.348224639892578,3.2928662300109863
2024-12-11 09:15:51.076,32-0.8.pkl,distil-medium.en,7,True,True,4,0.6,0.7858615,0.5277553,0.6987650,32.7%,35.6%,5.5901196002960205,29328.0,12630,3667.0,1590,3666.0,1578.75,27.042865753173828,3.4519577026367188,3.3803582191467285
2024-12-11 09:16:00.652,32-0.8.pkl,distil-medium.en,7,True,True,4,0.8,0.7347498,0.5061688,0.6748456,38.8%,41.7%,5.3987650871276855,29328.0,12660,3667.0,1590,3666.0,1582.5,26.194740295410156,3.3353233337402344,3.2743425369262695
2024-12-11 09:16:10.111,32-0.8.pkl,distil-medium.en,7,True,True,4,0.8,0.7661891,0.5122652,0.6804605,31.6%,33.6%,5.443683862686157,29328.0,12615,3667.0,1590,3666.0,1576.875,27.143611907958984,3.4637222290039062,3.392951488494873
2024-12-11 09:16:19.555,32-0.8.pkl,distil-medium.en,7,True,True,4,0.8,0.7521842,0.5239036,0.6779263,31.6%,33.6%,5.423410177230835,29328.0,12675,3667.0,1590,3666.0,1584.375,26.077529907226562,3.3716583251953125,3.2596912384033203
2024-12-11 09:16:27.332,32-0.8.pkl,distil-medium.en,7,True,False,1,N/A,0.5656853,0.3841295,0.4293199,16.3%,20.0%,3.4345593452453613,29144.0,12645,3643.0,1590,3643.0,1580.625,25.259727478027344,3.2048263549804688,3.157465934753418
2024-12-11 09:16:34.570,32-0.8.pkl,distil-medium.en,7,True,False,1,N/A,0.5189447,0.3788600,0.4228062,16.3%,20.0%,3.3824496269226074,29144.0,12600,3643.0,1590,3643.0,1575.0,26.278797149658203,3.3179702758789062,3.2848496437072754
2024-12-11 09:16:42.213,32-0.8.pkl,distil-medium.en,7,True,False,1,N/A,0.5611446,0.3823094,0.4332130,16.3%,20.0%,3.4657037258148193,29144.0,12720,3643.0,1590,3643.0,1590.0,27.67782211303711,3.4933319091796875,3.4597277641296387
2024-12-11 09:16:49.762,32-0.8.pkl,distil-medium.en,7,True,False,4,N/A,0.5119541,0.3866076,0.4243364,16.3%,20.0%,3.394690990447998,29320.0,12705,3667.0,1590,3665.0,1588.125,26.655780792236328,3.3934249877929688,3.331972599029541
2024-12-11 09:16:57.256,32-0.8.pkl,distil-medium.en,7,True,False,4,N/A,0.5018806,0.3779628,0.4252564,16.3%,20.0%,3.4020514488220215,29320.0,12705,3667.0,1590,3665.0,1588.125,26.5390625,3.3431396484375,3.3173828125
2024-12-11 09:17:05.136,32-0.8.pkl,distil-medium.en,7,True,False,4,N/A,0.5568042,0.3879678,0.4297531,16.3%,20.0%,3.4380245208740234,29320.0,12585,3667.0,1590,3665.0,1573.125,24.874298095703125,3.1607093811035156,3.1092872619628906
2024-12-11 09:17:12.660,32-0.8.pkl,distil-medium.en,7,False,True,1,0.4,0.4559000,0.3969359,0.4262852,16.3%,20.0%,3.4102814197540283,29144.0,12720,3643.0,1590,3643.0,1590.0,26.188884735107422,3.3332252502441406,3.2736105918884277
2024-12-11 09:17:19.679,32-0.8.pkl,distil-medium.en,7,False,True,1,0.4,0.4861865,0.3191893,0.3851484,16.3%,20.0%,3.0811874866485596,29144.0,12510,3643.0,1590,3643.0,1563.75,25.328380584716797,3.187152862548828,3.1660475730895996
2024-12-11 09:17:26.823,32-0.8.pkl,distil-medium.en,7,False,True,1,0.4,0.4877830,0.3970413,0.4300349,16.3%,20.0%,3.440279483795166,29144.0,12720,3643.0,1590,3643.0,1590.0,26.639198303222656,3.39935302734375,3.329899787902832
2024-12-11 09:17:33.941,32-0.8.pkl,distil-medium.en,7,False,True,1,0.6,0.4716890,0.3277519,0.4007986,16.3%,20.0%,3.206388473510742,29144.0,12705,3643.0,1590,3643.0,1588.125,25.99712371826172,3.278656005859375,3.249640464782715
2024-12-11 09:17:41.488,32-0.8.pkl,distil-medium.en,7,False,True,1,0.6,0.5044196,0.3931594,0.4342512,16.3%,20.0%,3.4740092754364014,29144.0,12720,3643.0,1590,3643.0,1590.0,26.2705078125,3.3256263732910156,3.2838134765625
2024-12-11 09:17:49.165,32-0.8.pkl,distil-medium.en,7,False,True,1,0.6,0.5337920,0.3527222,0.4034977,16.3%,20.0%,3.2279815673828125,29144.0,12600,3643.0,1590,3643.0,1575.0,23.15160369873047,2.9052200317382812,2.8939504623413086
2024-12-11 09:17:56.431,32-0.8.pkl,distil-medium.en,7,False,True,1,0.8,0.5067513,0.3872359,0.4226488,16.3%,20.0%,3.381190776824951,29144.0,12705,3643.0,1590,3643.0,1588.125,25.474376678466797,3.198680877685547,3.1842970848083496
2024-12-11 09:18:03.894,32-0.8.pkl,distil-medium.en,7,False,True,1,0.8,0.5422015,0.3929965,0.4351786,16.3%,20.0%,3.481428623199463,29144.0,12555,3643.0,1590,3643.0,1569.375,26.927051544189453,3.3928756713867188,3.3658814430236816
2024-12-11 09:18:11.352,32-0.8.pkl,distil-medium.en,7,False,True,1,0.8,0.5319631,0.3957965,0.4340801,16.3%,20.0%,3.4726409912109375,29144.0,12720,3643.0,1590,3643.0,1590.0,26.572879791259766,3.3648300170898438,3.3216099739074707
2024-12-11 09:18:19.107,32-0.8.pkl,distil-medium.en,7,False,True,4,0.4,0.5559335,0.3898695,0.4375803,16.3%,20.0%,3.500642776489258,29328.0,12705,3667.0,1590,3666.0,1588.125,27.932449340820312,3.5357284545898438,3.491556167602539
2024-12-11 09:18:26.557,32-0.8.pkl,distil-medium.en,7,False,True,4,0.4,0.5146756,0.3568654,0.4165635,16.3%,20.0%,3.332508087158203,29328.0,12630,3667.0,1590,3666.0,1578.75,27.25909423828125,3.4450416564941406,3.4073867797851562
2024-12-11 09:18:34.325,32-0.8.pkl,distil-medium.en,7,False,True,4,0.4,0.5381577,0.3934479,0.4395711,16.3%,20.0%,3.516569137573242,29328.0,12585,3667.0,1590,3666.0,1573.125,26.517982482910156,3.3450164794921875,3.3147478103637695
2024-12-11 09:18:41.951,32-0.8.pkl,distil-medium.en,7,False,True,4,0.6,0.5984938,0.3921981,0.4459981,16.3%,20.0%,3.5679848194122314,29328.0,12630,3667.0,1590,3666.0,1578.75,25.414134979248047,3.212024688720703,3.176766872406006
2024-12-11 09:18:49.202,32-0.8.pkl,distil-medium.en,7,False,True,4,0.6,0.5167806,0.3542120,0.4074410,16.3%,20.0%,3.259528160095215,29328.0,12705,3667.0,1590,3666.0,1588.125,24.800918579101562,3.1258544921875,3.1001148223876953
2024-12-11 09:18:56.695,32-0.8.pkl,distil-medium.en,7,False,True,4,0.6,0.5355003,0.4037688,0.4434589,16.3%,20.0%,3.547671318054199,29328.0,12600,3667.0,1590,3666.0,1575.0,26.32247543334961,3.3218841552734375,3.290309429168701
2024-12-11 09:19:04.036,32-0.8.pkl,distil-medium.en,7,False,True,4,0.8,0.5129788,0.3967299,0.4337270,16.3%,20.0%,3.469815731048584,29328.0,12630,3667.0,1590,3666.0,1578.75,27.888431549072266,3.5169296264648438,3.486053943634033
2024-12-11 09:19:11.637,32-0.8.pkl,distil-medium.en,7,False,True,4,0.8,0.5114303,0.3984931,0.4391989,16.3%,20.0%,3.5135908126831055,29328.0,12720,3667.0,1590,3666.0,1590.0,28.998523712158203,3.6864852905273438,3.6248154640197754
2024-12-11 09:19:19.111,32-0.8.pkl,distil-medium.en,7,False,True,4,0.8,0.5391955,0.3671887,0.4303185,16.3%,20.0%,3.4425482749938965,29328.0,12585,3667.0,1590,3666.0,1573.125,29.19725799560547,3.7012100219726562,3.6496572494506836
2024-12-11 09:19:26.731,32-0.8.pkl,distil-medium.en,7,False,False,1,N/A,0.5210841,0.3979628,0.4331266,16.3%,20.0%,3.465013027191162,29144.0,12630,3643.0,1590,3643.0,1578.75,29.656551361083984,3.810375213623047,3.707068920135498
2024-12-11 09:19:33.709,32-0.8.pkl,distil-medium.en,7,False,False,1,N/A,0.4921083,0.3160453,0.3749419,16.3%,20.0%,2.999535322189331,29144.0,12525,3643.0,1590,3643.0,1565.625,29.440330505371094,3.735698699951172,3.6800413131713867
2024-12-11 09:19:41.550,32-0.8.pkl,distil-medium.en,7,False,False,1,N/A,0.5092382,0.3910930,0.4318820,16.3%,20.0%,3.4550557136535645,29144.0,12645,3643.0,1590,3643.0,1580.625,27.45305633544922,3.4672012329101562,3.4316320419311523
2024-12-11 09:19:48.944,32-0.8.pkl,distil-medium.en,7,False,False,4,N/A,0.4998806,0.3909490,0.4215555,16.3%,20.0%,3.372443914413452,29320.0,12720,3667.0,1590,3665.0,1590.0,28.546234130859375,3.619720458984375,3.568279266357422
2024-12-11 09:19:56.353,32-0.8.pkl,distil-medium.en,7,False,False,4,N/A,0.4914045,0.3850920,0.4208113,16.3%,20.0%,3.366490125656128,29320.0,12690,3667.0,1590,3665.0,1586.25,27.0721435546875,3.440032958984375,3.3840179443359375
2024-12-11 09:20:03.647,32-0.8.pkl,distil-medium.en,7,False,False,4,N/A,0.4934740,0.3898399,0.4275288,16.3%,20.0%,3.4202306270599365,29320.0,12705,3667.0,1590,3665.0,1588.125,27.846240997314453,3.5570640563964844,3.4807801246643066
2024-12-11 09:20:13.690,32-0.8.pkl,distil-large-v3,3,True,True,1,0.4,0.5413630,0.4079137,0.4666459,14.3%,19.1%,3.7331669330596924,31960.0,12600,3995.0,1575,3995.0,1575.0,30.423648834228516,3.8631744384765625,3.8029561042785645
2024-12-11 09:20:24.401,32-0.8.pkl,distil-large-v3,3,True,True,1,0.4,0.5603833,0.4688392,0.4929078,14.3%,19.1%,3.9432621002197266,31960.0,12600,3995.0,1575,3995.0,1575.0,32.258419036865234,4.114353179931641,4.032302379608154
2024-12-11 09:20:34.915,32-0.8.pkl,distil-large-v3,3,True,True,1,0.4,0.5862281,0.4683530,0.4990734,14.3%,19.1%,3.992586851119995,31960.0,12600,3995.0,1575,3995.0,1575.0,31.241092681884766,3.947154998779297,3.9051365852355957
2024-12-11 09:20:44.994,32-0.8.pkl,distil-large-v3,3,True,True,1,0.6,0.5329552,0.4051061,0.4617528,14.3%,19.1%,3.6940221786499023,31960.0,12600,3995.0,1575,3995.0,1575.0,29.67251205444336,3.736724853515625,3.70906400680542
2024-12-11 09:20:55.394,32-0.8.pkl,distil-large-v3,3,True,True,1,0.6,0.5069621,0.4528186,0.4783211,14.3%,19.1%,3.826568603515625,31960.0,12600,3995.0,1575,3995.0,1575.0,29.488929748535156,3.7099266052246094,3.6861162185668945
2024-12-11 09:21:06.308,32-0.8.pkl,distil-large-v3,3,True,True,1,0.6,0.5719447,0.4679873,0.4974749,14.3%,19.1%,3.979799270629883,31960.0,12600,3995.0,1575,3995.0,1575.0,29.578380584716797,3.752307891845703,3.6972975730895996
2024-12-11 09:21:16.860,32-0.8.pkl,distil-large-v3,3,True,True,1,0.8,0.5448735,0.4127922,0.4814178,14.3%,19.1%,3.8513424396514893,31960.0,12600,3995.0,1575,3995.0,1575.0,29.768184661865234,3.7424774169921875,3.7210230827331543
2024-12-11 09:21:27.582,32-0.8.pkl,distil-large-v3,3,True,True,1,0.8,0.5491080,0.4034746,0.4710571,14.3%,19.1%,3.7684571743011475,31960.0,12585,3995.0,1575,3995.0,1573.125,31.601909637451172,3.9997024536132812,3.9502387046813965
2024-12-11 09:21:38.008,32-0.8.pkl,distil-large-v3,3,True,True,1,0.8,0.5850465,0.4674628,0.4891270,14.3%,19.1%,3.9130160808563232,31960.0,12600,3995.0,1575,3995.0,1575.0,33.07211685180664,4.170993804931641,4.13401460647583
2024-12-11 09:21:47.895,32-0.8.pkl,distil-large-v3,3,True,True,4,0.4,0.5440810,0.4647105,0.4954121,14.3%,19.1%,3.963297128677368,32144.0,12600,4019.0,1575,4018.0,1575.0,33.33232116699219,4.209712982177734,4.166540145874023
2024-12-11 09:21:58.444,32-0.8.pkl,distil-large-v3,3,True,True,4,0.4,0.5360510,0.4626067,0.4892131,14.3%,19.1%,3.9137048721313477,32144.0,12600,4019.0,1575,4018.0,1575.0,34.716087341308594,4.393791198730469,4.339510917663574
2024-12-11 09:22:09.285,32-0.8.pkl,distil-large-v3,3,True,True,4,0.4,0.6079698,0.4674766,0.5009118,14.3%,19.1%,4.007294416427612,32144.0,12600,4019.0,1575,4018.0,1575.0,34.70192337036133,4.424304962158203,4.337740421295166
2024-12-11 09:22:20.103,32-0.8.pkl,distil-large-v3,3,True,True,4,0.6,0.5436466,0.4302118,0.4746771,14.3%,19.1%,3.7974166870117188,32144.0,12570,4019.0,1575,4018.0,1571.25,29.905052185058594,3.7704010009765625,3.738131523132324
2024-12-11 09:22:29.853,32-0.8.pkl,distil-large-v3,3,True,True,4,0.6,0.5359454,0.4048338,0.4482881,14.3%,19.1%,3.5863049030303955,32144.0,12585,4019.0,1575,4018.0,1573.125,30.543228149414062,3.8462791442871094,3.817903518676758
2024-12-11 09:22:40.264,32-0.8.pkl,distil-large-v3,3,True,True,4,0.6,0.5328090,0.4427059,0.4821486,14.3%,19.1%,3.8571889400482178,32144.0,12600,4019.0,1575,4018.0,1575.0,31.706451416015625,4.008434295654297,3.963306427001953
2024-12-11 09:22:50.598,32-0.8.pkl,distil-large-v3,3,True,True,4,0.8,0.5696890,0.4189892,0.4857772,14.3%,19.1%,3.8862178325653076,32144.0,12600,4019.0,1575,4018.0,1575.0,30.56430435180664,3.876270294189453,3.82053804397583
2024-12-11 09:23:01.295,32-0.8.pkl,distil-large-v3,3,True,True,4,0.8,0.5459392,0.4672093,0.4945560,14.3%,19.1%,3.9564483165740967,32144.0,12600,4019.0,1575,4018.0,1575.0,31.716304779052734,4.002159118652344,3.964538097381592
2024-12-11 09:23:11.615,32-0.8.pkl,distil-large-v3,3,True,True,4,0.8,0.5363772,0.4258513,0.4815312,14.3%,19.1%,3.8522496223449707,32144.0,12600,4019.0,1575,4018.0,1575.0,31.053714752197266,3.9096755981445312,3.881714344024658
2024-12-11 09:23:21.917,32-0.8.pkl,distil-large-v3,3,True,False,1,N/A,0.5606632,0.4153090,0.4565122,15.3%,21.0%,3.652097702026367,31960.0,12585,3995.0,1575,3995.0,1573.125,32.50807189941406,4.112834930419922,4.063508987426758
2024-12-11 09:23:32.380,32-0.8.pkl,distil-large-v3,3,True,False,1,N/A,0.5441165,0.4509246,0.4733645,15.3%,21.0%,3.7869157791137695,31960.0,12600,3995.0,1575,3995.0,1575.0,33.2525520324707,4.243724822998047,4.156569004058838
2024-12-11 09:23:42.944,32-0.8.pkl,distil-large-v3,3,True,False,1,N/A,0.5227695,0.4592547,0.4742774,15.3%,21.0%,3.794219493865967,31960.0,12600,3995.0,1575,3995.0,1575.0,32.49025344848633,4.109046936035156,4.061281681060791
2024-12-11 09:23:53.434,32-0.8.pkl,distil-large-v3,3,True,False,4,N/A,0.5726030,0.4485421,0.4747834,15.3%,21.0%,3.798267126083374,32136.0,12600,4019.0,1575,4017.0,1575.0,30.495513916015625,3.8414878845214844,3.811939239501953
2024-12-11 09:24:03.530,32-0.8.pkl,distil-large-v3,3,True,False,4,N/A,0.5481699,0.4479496,0.4713095,15.3%,21.0%,3.7704761028289795,32136.0,12600,4019.0,1575,4017.0,1575.0,29.590301513671875,3.7329254150390625,3.6987876892089844
2024-12-11 09:24:14.011,32-0.8.pkl,distil-large-v3,3,True,False,4,N/A,0.5231128,0.4504249,0.4722464,15.3%,21.0%,3.7779712677001953,32136.0,12600,4019.0,1575,4017.0,1575.0,31.201454162597656,3.932262420654297,3.900181770324707
2024-12-11 09:24:24.193,32-0.8.pkl,distil-large-v3,3,False,True,1,0.4,0.5891962,0.4627719,0.4970415,14.3%,19.1%,3.976331949234009,31960.0,12600,3995.0,1575,3995.0,1575.0,32.80612564086914,4.142208099365234,4.100765705108643
2024-12-11 09:24:34.477,32-0.8.pkl,distil-large-v3,3,False,True,1,0.4,0.5471225,0.4084270,0.4703229,14.3%,19.1%,3.7625832557678223,31960.0,12600,3995.0,1575,3995.0,1575.0,34.143409729003906,4.3006439208984375,4.267926216125488
2024-12-11 09:24:44.992,32-0.8.pkl,distil-large-v3,3,False,True,1,0.4,0.5473461,0.4556158,0.4891147,14.3%,19.1%,3.9129178524017334,31960.0,12600,3995.0,1575,3995.0,1575.0,33.69849395751953,4.274436950683594,4.212311744689941
2024-12-11 09:24:55.631,32-0.8.pkl,distil-large-v3,3,False,True,1,0.6,0.5876434,0.4613583,0.4979602,14.3%,19.1%,3.9836812019348145,31960.0,12600,3995.0,1575,3995.0,1575.0,30.089412689208984,3.837512969970703,3.761176586151123
2024-12-11 09:25:06.499,32-0.8.pkl,distil-large-v3,3,False,True,1,0.6,0.5345895,0.4586725,0.4887610,14.3%,19.1%,3.910087823867798,31960.0,12600,3995.0,1575,3995.0,1575.0,29.041629791259766,3.6741943359375,3.6302037239074707
2024-12-11 09:25:17.003,32-0.8.pkl,distil-large-v3,3,False,True,1,0.6,0.5604520,0.4250681,0.4776408,14.3%,19.1%,3.821126699447632,31960.0,12585,3995.0,1575,3995.0,1573.125,28.97046661376953,3.6665802001953125,3.6213083267211914
2024-12-11 09:25:26.735,32-0.8.pkl,distil-large-v3,3,False,True,1,0.8,0.5660541,0.4529893,0.4943112,14.3%,19.1%,3.954489231109619,31960.0,12600,3995.0,1575,3995.0,1575.0,29.08849334716797,3.6535720825195312,3.636061668395996
2024-12-11 09:25:37.031,32-0.8.pkl,distil-large-v3,3,False,True,1,0.8,0.5618572,0.4577515,0.4954439,14.3%,19.1%,3.9635510444641113,31960.0,12600,3995.0,1575,3995.0,1575.0,31.594799041748047,3.962879180908203,3.949349880218506
2024-12-11 09:25:47.874,32-0.8.pkl,distil-large-v3,3,False,True,1,0.8,0.5859268,0.4632313,0.4996454,14.3%,19.1%,3.9971635341644287,31960.0,12600,3995.0,1575,3995.0,1575.0,30.741676330566406,3.8920211791992188,3.842709541320801
2024-12-11 09:25:58.140,32-0.8.pkl,distil-large-v3,3,False,True,4,0.4,0.5824823,0.4395187,0.4951653,14.3%,19.1%,3.961322784423828,32144.0,12600,4019.0,1575,4018.0,1575.0,30.347389221191406,3.8181533813476562,3.793423652648926
2024-12-11 09:26:08.937,32-0.8.pkl,distil-large-v3,3,False,True,4,0.4,0.5458422,0.4711630,0.5023368,14.3%,19.1%,4.0186944007873535,32144.0,12600,4019.0,1575,4018.0,1575.0,31.938983917236328,4.0651397705078125,3.992372989654541
2024-12-11 09:26:19.448,32-0.8.pkl,distil-large-v3,3,False,True,4,0.4,0.5849736,0.4441230,0.4949548,14.3%,19.1%,3.9596383571624756,32144.0,12600,4019.0,1575,4018.0,1575.0,33.047245025634766,4.171932220458984,4.130905628204346
2024-12-11 09:26:30.134,32-0.8.pkl,distil-large-v3,3,False,True,4,0.6,0.5627215,0.4630964,0.5058172,14.3%,19.1%,4.046537637710571,32144.0,12600,4019.0,1575,4018.0,1575.0,31.63637924194336,4.013256072998047,3.95454740524292
2024-12-11 09:26:40.336,32-0.8.pkl,distil-large-v3,3,False,True,4,0.6,0.5678704,0.4449615,0.4932052,14.3%,19.1%,3.9456417560577393,32144.0,12600,4019.0,1575,4018.0,1575.0,32.51259994506836,4.119026184082031,4.064074993133545
2024-12-11 09:26:50.955,32-0.8.pkl,distil-large-v3,3,False,True,4,0.6,0.5577180,0.4428825,0.4944714,14.3%,19.1%,3.9557712078094482,32144.0,12600,4019.0,1575,4018.0,1575.0,32.997982025146484,4.169708251953125,4.1247477531433105
2024-12-11 09:27:01.052,32-0.8.pkl,distil-large-v3,3,False,True,4,0.8,0.6237884,0.4627819,0.5148478,14.3%,19.1%,4.11878228187561,32144.0,12480,4019.0,1575,4018.0,1560.0,34.031978607177734,4.3026123046875,4.253997325897217
2024-12-11 09:27:11.582,32-0.8.pkl,distil-large-v3,3,False,True,4,0.8,0.5374517,0.4470057,0.4880173,14.3%,19.1%,3.9041380882263184,32144.0,12600,4019.0,1575,4018.0,1575.0,32.8860969543457,4.170433044433594,4.110762119293213
2024-12-11 09:27:21.565,32-0.8.pkl,distil-large-v3,3,False,True,4,0.8,0.5640402,0.4640818,0.5009766,14.3%,19.1%,4.0078125,32144.0,12450,4019.0,1575,4018.0,1556.25,33.786949157714844,4.274181365966797,4.2233686447143555
2024-12-11 09:27:32.187,32-0.8.pkl,distil-large-v3,3,False,False,1,N/A,0.5606620,0.4663603,0.4849544,15.3%,21.0%,3.8796348571777344,31960.0,12600,3995.0,1575,3995.0,1575.0,34.66865921020508,4.375251770019531,4.333582401275635
2024-12-11 09:27:42.334,32-0.8.pkl,distil-large-v3,3,False,False,1,N/A,0.5297978,0.3943799,0.4543601,15.3%,21.0%,3.634881019592285,31960.0,12600,3995.0,1575,3995.0,1575.0,33.276363372802734,4.205715179443359,4.159545421600342
2024-12-11 09:27:53.092,32-0.8.pkl,distil-large-v3,3,False,False,1,N/A,0.5366299,0.4585605,0.4771850,15.3%,21.0%,3.8174803256988525,31960.0,12600,3995.0,1575,3995.0,1575.0,33.137088775634766,4.197368621826172,4.142136096954346
2024-12-11 09:28:03.133,32-0.8.pkl,distil-large-v3,3,False,False,4,N/A,0.5536242,0.4550369,0.4802874,15.3%,21.0%,3.842298984527588,32136.0,12600,4019.0,1575,4017.0,1575.0,33.368141174316406,4.2310791015625,4.171017646789551
2024-12-11 09:28:13.543,32-0.8.pkl,distil-large-v3,3,False,False,4,N/A,0.5671134,0.4210625,0.4591550,15.3%,21.0%,3.6732399463653564,32136.0,12600,4019.0,1575,4017.0,1575.0,32.43304443359375,4.141029357910156,4.054130554199219
2024-12-11 09:28:23.589,32-0.8.pkl,distil-large-v3,3,False,False,4,N/A,0.5270698,0.4381938,0.4638628,15.3%,21.0%,3.710902690887451,32136.0,12600,4019.0,1575,4017.0,1575.0,31.777912139892578,4.038551330566406,3.9722390174865723
2024-12-11 09:28:34.237,32-0.8.pkl,distil-large-v3,5,True,True,1,0.4,0.5598035,0.4748094,0.5161256,14.3%,19.1%,4.129004955291748,31960.0,12615,3995.0,1590,3995.0,1576.875,32.41877746582031,4.101200103759766,4.052347183227539
2024-12-11 09:28:44.974,32-0.8.pkl,distil-large-v3,5,True,True,1,0.4,0.5842693,0.4889917,0.5165522,14.3%,19.1%,4.132417678833008,31960.0,12570,3995.0,1590,3995.0,1571.25,33.29539108276367,4.227226257324219,4.161923885345459
2024-12-11 09:28:55.619,32-0.8.pkl,distil-large-v3,5,True,True,1,0.4,0.5579302,0.4228673,0.4919889,14.3%,19.1%,3.935911178588867,31960.0,12615,3995.0,1590,3995.0,1576.875,31.94445037841797,4.02197265625,3.993056297302246
2024-12-11 09:29:06.586,32-0.8.pkl,distil-large-v3,5,True,True,1,0.6,0.5561559,0.4870112,0.5145103,14.3%,19.1%,4.116082191467285,31960.0,12615,3995.0,1590,3995.0,1576.875,32.97698974609375,4.180023193359375,4.122123718261719
2024-12-11 09:29:16.671,32-0.8.pkl,distil-large-v3,5,True,True,1,0.6,0.5760379,0.4962695,0.5247621,14.3%,19.1%,4.198096990585327,31960.0,12600,3995.0,1575,3995.0,1575.0,33.8188591003418,4.302562713623047,4.227357387542725
2024-12-11 09:29:27.116,32-0.8.pkl,distil-large-v3,5,True,True,1,0.6,0.5967631,0.4910171,0.5218752,14.3%,19.1%,4.175001621246338,31960.0,12630,3995.0,1590,3995.0,1578.75,32.42856979370117,4.10308837890625,4.0535712242126465
2024-12-11 09:29:37.485,32-0.8.pkl,distil-large-v3,5,True,True,1,0.8,0.5479550,0.4279826,0.4815177,14.3%,19.1%,3.8521413803100586,31960.0,12600,3995.0,1575,3995.0,1575.0,33.64292907714844,4.248390197753906,4.205366134643555
2024-12-11 09:29:48.380,32-0.8.pkl,distil-large-v3,5,True,True,1,0.8,0.6271179,0.4936864,0.5252716,14.3%,19.1%,4.2021729946136475,31960.0,12480,3995.0,1590,3995.0,1560.0,34.34552001953125,4.366680145263672,4.293190002441406
2024-12-11 09:29:59.352,32-0.8.pkl,distil-large-v3,5,True,True,1,0.8,0.5890152,0.4831142,0.5167397,14.3%,19.1%,4.133917570114136,31960.0,12645,3995.0,1590,3995.0,1580.625,28.86133575439453,3.663799285888672,3.6076669692993164
2024-12-11 09:30:10.441,32-0.8.pkl,distil-large-v3,5,True,True,4,0.4,0.5733426,0.4988868,0.5211905,14.3%,19.1%,4.1695237159729,32144.0,12630,4019.0,1590,4018.0,1578.75,28.8275146484375,3.613494873046875,3.6034393310546875
2024-12-11 09:30:20.777,32-0.8.pkl,distil-large-v3,5,True,True,4,0.4,0.5675092,0.4418027,0.5064396,14.3%,19.1%,4.051516532897949,32144.0,12570,4019.0,1575,4018.0,1571.25,31.293212890625,3.9547348022460938,3.911651611328125
2024-12-11 09:30:31.618,32-0.8.pkl,distil-large-v3,5,True,True,4,0.4,0.6167507,0.4632034,0.5205616,14.3%,19.1%,4.164492607116699,32144.0,12615,4019.0,1590,4018.0,1576.875,32.044158935546875,4.0568084716796875,4.005519866943359
2024-12-11 09:30:42.257,32-0.8.pkl,distil-large-v3,5,True,True,4,0.6,0.5854177,0.4273591,0.4744946,14.3%,19.1%,3.79595685005188,32144.0,12615,4019.0,1590,4018.0,1576.875,33.261741638183594,4.1926422119140625,4.157717704772949
2024-12-11 09:30:53.028,32-0.8.pkl,distil-large-v3,5,True,True,4,0.6,0.5890441,0.4929776,0.5268238,14.3%,19.1%,4.214590549468994,32144.0,12630,4019.0,1590,4018.0,1578.75,34.6065788269043,4.376731872558594,4.325822353363037
2024-12-11 09:31:03.452,32-0.8.pkl,distil-large-v3,5,True,True,4,0.6,0.5944946,0.4880707,0.5217659,14.3%,19.1%,4.1741273403167725,32144.0,12630,4019.0,1590,4018.0,1578.75,33.5068359375,4.270751953125,4.1883544921875
2024-12-11 09:31:14.333,32-0.8.pkl,distil-large-v3,5,True,True,4,0.8,0.6297679,0.4641225,0.5216649,14.3%,19.1%,4.173319578170776,32144.0,12630,4019.0,1590,4018.0,1578.75,33.851200103759766,4.299228668212891,4.231400012969971
2024-12-11 09:31:25.094,32-0.8.pkl,distil-large-v3,5,True,True,4,0.8,0.5701320,0.4957054,0.5296655,14.3%,19.1%,4.237323999404907,32144.0,12615,4019.0,1590,4018.0,1576.875,33.386592864990234,4.2331085205078125,4.173324108123779
2024-12-11 09:31:35.571,32-0.8.pkl,distil-large-v3,5,True,True,4,0.8,0.6321266,0.4221094,0.4697756,14.3%,19.1%,3.7582051753997803,32144.0,12615,4019.0,1590,4018.0,1576.875,32.94944763183594,4.186206817626953,4.118680953979492
2024-12-11 09:31:46.462,32-0.8.pkl,distil-large-v3,5,True,False,1,N/A,0.5758305,0.4747155,0.5048570,15.3%,21.0%,4.038855791091919,31960.0,12615,3995.0,1590,3995.0,1576.875,31.30398941040039,3.981719970703125,3.912998676300049
2024-12-11 09:31:57.031,32-0.8.pkl,distil-large-v3,5,True,False,1,N/A,0.5812471,0.4155273,0.4870132,15.3%,21.0%,3.8961052894592285,31960.0,12555,3995.0,1575,3995.0,1569.375,30.655033111572266,3.8867950439453125,3.831879138946533
2024-12-11 09:32:07.731,32-0.8.pkl,distil-large-v3,5,True,False,1,N/A,0.6037564,0.4822538,0.5137630,15.3%,21.0%,4.1101038455963135,31960.0,12600,3995.0,1575,3995.0,1575.0,30.39539337158203,3.8404998779296875,3.799424171447754
2024-12-11 09:32:18.125,32-0.8.pkl,distil-large-v3,5,True,False,4,N/A,0.5773854,0.4515393,0.4898357,15.3%,21.0%,3.9186854362487793,32136.0,12615,4019.0,1590,4017.0,1576.875,29.373382568359375,3.703033447265625,3.671672821044922
2024-12-11 09:32:28.405,32-0.8.pkl,distil-large-v3,5,True,False,4,N/A,0.5871949,0.4570277,0.4960338,15.3%,21.0%,3.9682700634002686,32136.0,12615,4019.0,1590,4017.0,1576.875,28.711952209472656,3.6057357788085938,3.588994026184082
2024-12-11 09:32:38.939,32-0.8.pkl,distil-large-v3,5,True,False,4,N/A,0.5623879,0.4493551,0.4869986,15.3%,21.0%,3.895988702774048,32136.0,12630,4019.0,1590,4017.0,1578.75,28.65975570678711,3.5954971313476562,3.5824694633483887
2024-12-11 09:32:49.177,32-0.8.pkl,distil-large-v3,5,False,True,1,0.4,0.5604014,0.4244106,0.4983161,14.3%,19.1%,3.9865288734436035,31960.0,12615,3995.0,1590,3995.0,1576.875,28.998348236083984,3.631084442138672,3.624793529510498
2024-12-11 09:32:59.846,32-0.8.pkl,distil-large-v3,5,False,True,1,0.4,0.5683522,0.4259307,0.4992760,14.3%,19.1%,3.9942080974578857,31960.0,12615,3995.0,1590,3995.0,1576.875,31.123065948486328,3.9312362670898438,3.890383243560791
2024-12-11 09:33:10.136,32-0.8.pkl,distil-large-v3,5,False,True,1,0.4,0.6048424,0.4844491,0.5269057,14.3%,19.1%,4.215245485305786,31960.0,12660,3995.0,1590,3995.0,1582.5,31.04168701171875,3.910594940185547,3.8802108764648438
2024-12-11 09:33:20.296,32-0.8.pkl,distil-large-v3,5,False,True,1,0.6,0.5523465,0.4631250,0.5044737,14.3%,19.1%,4.035789966583252,31960.0,12630,3995.0,1590,3995.0,1578.75,29.86898422241211,3.773754119873047,3.7336230278015137
2024-12-11 09:33:30.939,32-0.8.pkl,distil-large-v3,5,False,True,1,0.6,0.6171288,0.4371855,0.5009023,14.3%,19.1%,4.0072181224823,31960.0,12660,3995.0,1590,3995.0,1582.5,30.43581771850586,3.8505706787109375,3.8044772148132324
2024-12-11 09:33:41.147,32-0.8.pkl,distil-large-v3,5,False,True,1,0.6,0.5846980,0.4962406,0.5257554,14.3%,19.1%,4.206043004989624,31960.0,12645,3995.0,1590,3995.0,1580.625,29.784313201904297,3.7622299194335938,3.723039150238037
2024-12-11 09:33:51.210,32-0.8.pkl,distil-large-v3,5,False,True,1,0.8,0.5733526,0.4272976,0.4874037,14.3%,19.1%,3.8992295265197754,31960.0,12630,3995.0,1590,3995.0,1578.75,31.02159881591797,3.936187744140625,3.877699851989746
2024-12-11 09:34:02.712,32-0.8.pkl,distil-large-v3,5,False,True,1,0.8,0.6262498,0.4912002,0.5285589,14.3%,19.1%,4.228471279144287,31960.0,12660,3995.0,1590,3995.0,1582.5,29.334453582763672,3.697284698486328,3.666806697845459
2024-12-11 09:34:13.928,32-0.8.pkl,distil-large-v3,5,False,True,1,0.8,0.6133041,0.4944296,0.5284823,14.3%,19.1%,4.227858781814575,31960.0,12645,3995.0,1590,3995.0,1580.625,31.026348114013672,3.927196502685547,3.878293514251709
2024-12-11 09:34:24.459,32-0.8.pkl,distil-large-v3,5,False,True,4,0.4,0.5680060,0.4703150,0.5250711,14.3%,19.1%,4.200568437576294,32144.0,12660,4019.0,1590,4018.0,1582.5,29.768333435058594,3.7621726989746094,3.721041679382324
2024-12-11 09:34:35.258,32-0.8.pkl,distil-large-v3,5,False,True,4,0.4,0.5879865,0.4888167,0.5269975,14.3%,19.1%,4.215980052947998,32144.0,12645,4019.0,1590,4018.0,1580.625,28.835159301757812,3.6397056579589844,3.6043949127197266
2024-12-11 09:34:46.081,32-0.8.pkl,distil-large-v3,5,False,True,4,0.4,0.6204112,0.5052664,0.5449818,14.3%,19.1%,4.359854221343994,32144.0,12675,4019.0,1590,4018.0,1584.375,29.644622802734375,3.726287841796875,3.705577850341797
2024-12-11 09:34:57.094,32-0.8.pkl,distil-large-v3,5,False,True,4,0.6,0.5707474,0.5010207,0.5323925,14.3%,19.1%,4.259140253067017,32144.0,12660,4019.0,1590,4018.0,1582.5,29.80895233154297,3.762401580810547,3.726119041442871
2024-12-11 09:35:07.942,32-0.8.pkl,distil-large-v3,5,False,True,4,0.6,0.5800271,0.4486117,0.5118084,14.3%,19.1%,4.094467401504517,32144.0,12645,4019.0,1590,4018.0,1580.625,29.272499084472656,3.6903419494628906,3.659062385559082
2024-12-11 09:35:18.133,32-0.8.pkl,distil-large-v3,5,False,True,4,0.6,0.5916982,0.4925320,0.5314687,14.3%,19.1%,4.251749277114868,32144.0,12675,4019.0,1590,4018.0,1584.375,31.330814361572266,3.93707275390625,3.916351795196533
2024-12-11 09:35:28.253,32-0.8.pkl,distil-large-v3,5,False,True,4,0.8,0.6019502,0.4529457,0.5148462,14.3%,19.1%,4.118769884109497,32144.0,12630,4019.0,1590,4018.0,1578.75,33.292579650878906,4.200130462646484,4.161572456359863
2024-12-11 09:35:38.104,32-0.8.pkl,distil-large-v3,5,False,True,4,0.8,0.5850649,0.4682338,0.5244198,14.3%,19.1%,4.195358514785767,32144.0,12645,4019.0,1590,4018.0,1580.625,32.02701187133789,4.039661407470703,4.003376483917236
2024-12-11 09:35:48.529,32-0.8.pkl,distil-large-v3,5,False,True,4,0.8,0.5988383,0.5037029,0.5366982,14.3%,19.1%,4.293585777282715,32144.0,12660,4019.0,1590,4018.0,1582.5,29.440357208251953,3.7425384521484375,3.680044651031494
2024-12-11 09:35:58.386,32-0.8.pkl,distil-large-v3,5,False,False,1,N/A,0.5553229,0.4219244,0.4914653,15.3%,21.0%,3.931722640991211,31960.0,12615,3995.0,1590,3995.0,1576.875,30.64183807373047,3.8927650451660156,3.8302297592163086
2024-12-11 09:36:09.491,32-0.8.pkl,distil-large-v3,5,False,False,1,N/A,0.5780120,0.4844899,0.5167900,15.3%,21.0%,4.134320020675659,31960.0,12645,3995.0,1590,3995.0,1580.625,31.56206512451172,3.9814186096191406,3.945258140563965
2024-12-11 09:36:20.181,32-0.8.pkl,distil-large-v3,5,False,False,1,N/A,0.5652695,0.4761951,0.5096116,15.3%,21.0%,4.076892614364624,31960.0,12615,3995.0,1590,3995.0,1576.875,32.512874603271484,4.142704010009766,4.0641093254089355
2024-12-11 09:36:30.815,32-0.8.pkl,distil-large-v3,5,False,False,4,N/A,0.5808895,0.4839005,0.5090092,15.3%,21.0%,4.072073459625244,32136.0,12615,4019.0,1590,4017.0,1576.875,31.352405548095703,3.97198486328125,3.919050693511963
2024-12-11 09:36:41.183,32-0.8.pkl,distil-large-v3,5,False,False,4,N/A,0.5960670,0.4834452,0.5072948,15.3%,21.0%,4.058358430862427,32136.0,12645,4019.0,1590,4017.0,1580.625,32.61138916015625,4.154747009277344,4.076423645019531
2024-12-11 09:36:51.270,32-0.8.pkl,distil-large-v3,5,False,False,4,N/A,0.6046846,0.4862814,0.5169010,15.3%,21.0%,4.135207891464233,32136.0,12645,4019.0,1590,4017.0,1580.625,33.852027893066406,4.276599884033203,4.231503486633301
2024-12-11 09:37:02.375,32-0.8.pkl,distil-large-v3,7,True,True,1,0.4,0.6211843,0.4731500,0.5461310,15.3%,19.2%,4.3690478801727295,31960.0,12705,3995.0,1590,3995.0,1588.125,33.13574981689453,4.194149017333984,4.141968727111816
